gab;file_1;file_2;sample_size;threshold;tm;tnm;fm;precision;recall;f1;detlta;t1;t2
trip-yelp;tripadvisor-a;yelp-a;100;0.4;1;6;0;1.0;0.14285714285714285;0.25;0.14011788368225098;1503577120.1748362;1503577120.314954
trip-yelp;tripadvisor-a;yelp-a;100;0.5;1;6;0;1.0;0.14285714285714285;0.25;0.14558720588684082;1503577120.314954;1503577120.4605412
trip-yelp;tripadvisor-a;yelp-a;100;0.6;1;6;0;1.0;0.14285714285714285;0.25;0.13559317588806152;1503577120.4605412;1503577120.5961344
trip-yelp;tripadvisor-a;yelp-a;100;0.7;1;6;0;1.0;0.14285714285714285;0.25;0.13211369514465332;1503577120.5961344;1503577120.7282481
trip-yelp;tripadvisor-a;yelp-a;100;0.8;1;6;0;1.0;0.14285714285714285;0.25;0.14458584785461426;1503577120.7282481;1503577120.872834
trip-yelp;tripadvisor-a;yelp-a;100;0.9;1;6;0;1.0;0.14285714285714285;0.25;0.21516942977905273;1503577120.872834;1503577121.0880034
trip-yelp;tripadvisor-a;yelp-b;100;0.4;1;6;0;1.0;0.14285714285714285;0.25;0.32022762298583984;1503577121.1180065;1503577121.438234
trip-yelp;tripadvisor-a;yelp-b;100;0.5;1;6;0;1.0;0.14285714285714285;0.25;0.2546806335449219;1503577121.4387333;1503577121.693414
trip-yelp;tripadvisor-a;yelp-b;100;0.6;1;6;0;1.0;0.14285714285714285;0.25;0.2111499309539795;1503577121.693414;1503577121.904564
trip-yelp;tripadvisor-a;yelp-b;100;0.7;1;6;0;1.0;0.14285714285714285;0.25;0.1921377182006836;1503577121.904564;1503577122.0967016
trip-yelp;tripadvisor-a;yelp-b;100;0.8;1;6;0;1.0;0.14285714285714285;0.25;0.21214962005615234;1503577122.0972025;1503577122.3093522
trip-yelp;tripadvisor-a;yelp-b;100;0.9;1;6;0;1.0;0.14285714285714285;0.25;0.1300961971282959;1503577122.3093522;1503577122.4394484
trip-yelp;tripadvisor-a;yelp-c;100;0.4;1;6;0;1.0;0.14285714285714285;0.25;0.1256084442138672;1503577122.4674642;1503577122.5930727
trip-yelp;tripadvisor-a;yelp-c;100;0.5;1;6;0;1.0;0.14285714285714285;0.25;0.12709307670593262;1503577122.5935733;1503577122.7206664
trip-yelp;tripadvisor-a;yelp-c;100;0.6;1;6;0;1.0;0.14285714285714285;0.25;0.1315760612487793;1503577122.7206664;1503577122.8522425
trip-yelp;tripadvisor-a;yelp-c;100;0.7;1;6;0;1.0;0.14285714285714285;0.25;0.12060070037841797;1503577122.8522425;1503577122.9728432
trip-yelp;tripadvisor-a;yelp-c;100;0.8;1;6;0;1.0;0.14285714285714285;0.25;0.1455831527709961;1503577122.9728432;1503577123.1184263
trip-yelp;tripadvisor-a;yelp-c;100;0.9;1;6;0;1.0;0.14285714285714285;0.25;0.14010024070739746;1503577123.1184263;1503577123.2585266
trip-yelp;tripadvisor-a;yelp-d;100;0.4;1;6;0;1.0;0.14285714285714285;0.25;0.134596586227417;1503577123.2830627;1503577123.4176593
trip-yelp;tripadvisor-a;yelp-d;100;0.5;1;6;0;1.0;0.14285714285714285;0.25;0.13057541847229004;1503577123.4176593;1503577123.5482347
trip-yelp;tripadvisor-a;yelp-d;100;0.6;1;6;0;1.0;0.14285714285714285;0.25;0.12660694122314453;1503577123.5482347;1503577123.6748416
trip-yelp;tripadvisor-a;yelp-d;100;0.7;1;6;0;1.0;0.14285714285714285;0.25;0.13459491729736328;1503577123.6748416;1503577123.8094366
trip-yelp;tripadvisor-a;yelp-d;100;0.8;1;6;0;1.0;0.14285714285714285;0.25;0.14360284805297852;1503577123.8094366;1503577123.9530394
trip-yelp;tripadvisor-a;yelp-d;100;0.9;1;6;0;1.0;0.14285714285714285;0.25;0.13059020042419434;1503577123.9535227;1503577124.084113
trip-yelp;tripadvisor-a;yelp-e;100;0.4;1;6;0;1.0;0.14285714285714285;0.25;0.14262104034423828;1503577124.1071284;1503577124.2497494
trip-yelp;tripadvisor-a;yelp-e;100;0.5;1;6;0;1.0;0.14285714285714285;0.25;0.12807202339172363;1503577124.2497494;1503577124.3778214
trip-yelp;tripadvisor-a;yelp-e;100;0.6;1;6;0;1.0;0.14285714285714285;0.25;0.1426234245300293;1503577124.3778214;1503577124.5204449
trip-yelp;tripadvisor-a;yelp-e;100;0.7;1;6;0;1.0;0.14285714285714285;0.25;0.13008999824523926;1503577124.5204449;1503577124.6505349
trip-yelp;tripadvisor-a;yelp-e;100;0.8;1;6;0;1.0;0.14285714285714285;0.25;0.12308597564697266;1503577124.6510193;1503577124.7741053
trip-yelp;tripadvisor-a;yelp-e;100;0.9;0;7;0;1.0;0.14285714285714285;0;0.13611340522766113;1503577124.7741053;1503577124.9102187
trip-yelp;tripadvisor-a;yelp-a;1000;0.4;1;6;0;1.0;0.14285714285714285;0.25;0.13258981704711914;1503577124.9367418;1503577125.0693316
trip-yelp;tripadvisor-a;yelp-a;1000;0.5;1;6;0;1.0;0.14285714285714285;0.25;0.14909076690673828;1503577125.069833;1503577125.2189238
trip-yelp;tripadvisor-a;yelp-a;1000;0.6;1;6;0;1.0;0.14285714285714285;0.25;0.17061781883239746;1503577125.2189238;1503577125.3895416
trip-yelp;tripadvisor-a;yelp-a;1000;0.7;1;6;0;1.0;0.14285714285714285;0.25;0.14060688018798828;1503577125.3895416;1503577125.5301485
trip-yelp;tripadvisor-a;yelp-a;1000;0.8;1;6;0;1.0;0.14285714285714285;0.25;0.15661168098449707;1503577125.5301485;1503577125.6867602
trip-yelp;tripadvisor-a;yelp-a;1000;0.9;1;6;0;1.0;0.14285714285714285;0.25;0.17912888526916504;1503577125.6867602;1503577125.865889
trip-yelp;tripadvisor-a;yelp-b;1000;0.4;1;6;0;1.0;0.14285714285714285;0.25;0.1295919418334961;1503577125.888904;1503577126.018496
trip-yelp;tripadvisor-a;yelp-b;1000;0.5;1;6;0;1.0;0.14285714285714285;0.25;0.13860201835632324;1503577126.018496;1503577126.157098
trip-yelp;tripadvisor-a;yelp-b;1000;0.6;1;6;0;1.0;0.14285714285714285;0.25;0.145599365234375;1503577126.157098;1503577126.3026974
trip-yelp;tripadvisor-a;yelp-b;1000;0.7;1;6;0;1.0;0.14285714285714285;0.25;0.14710450172424316;1503577126.3026974;1503577126.449802
trip-yelp;tripadvisor-a;yelp-b;1000;0.8;1;6;0;1.0;0.14285714285714285;0.25;0.12811064720153809;1503577126.449802;1503577126.5779126
trip-yelp;tripadvisor-a;yelp-b;1000;0.9;1;6;0;1.0;0.14285714285714285;0.25;0.12006568908691406;1503577126.5779126;1503577126.6979783
trip-yelp;tripadvisor-a;yelp-c;1000;0.4;1;6;0;1.0;0.14285714285714285;0.25;0.15210795402526855;1503577126.7204945;1503577126.8726025
trip-yelp;tripadvisor-a;yelp-c;1000;0.5;1;6;0;1.0;0.14285714285714285;0.25;0.12158632278442383;1503577126.8726025;1503577126.9941888
trip-yelp;tripadvisor-a;yelp-c;1000;0.6;1;6;0;1.0;0.14285714285714285;0.25;0.12811064720153809;1503577126.9941888;1503577127.1222994
trip-yelp;tripadvisor-a;yelp-c;1000;0.7;1;6;0;1.0;0.14285714285714285;0.25;0.15959715843200684;1503577127.1222994;1503577127.2818966
trip-yelp;tripadvisor-a;yelp-c;1000;0.8;1;6;0;1.0;0.14285714285714285;0.25;0.1290726661682129;1503577127.2824163;1503577127.411489
trip-yelp;tripadvisor-a;yelp-c;1000;0.9;1;6;0;1.0;0.14285714285714285;0.25;0.1365954875946045;1503577127.411489;1503577127.5480845
trip-yelp;tripadvisor-a;yelp-d;1000;0.4;1;6;0;1.0;0.14285714285714285;0.25;0.11860227584838867;1503577127.574102;1503577127.6927042
trip-yelp;tripadvisor-a;yelp-d;1000;0.5;1;6;0;1.0;0.14285714285714285;0.25;0.12857294082641602;1503577127.6927042;1503577127.8212771
trip-yelp;tripadvisor-a;yelp-d;1000;0.6;1;6;0;1.0;0.14285714285714285;0.25;0.13309550285339355;1503577127.8217797;1503577127.9548752
trip-yelp;tripadvisor-a;yelp-d;1000;0.7;1;6;0;1.0;0.14285714285714285;0.25;0.1265873908996582;1503577127.9548752;1503577128.0814626
trip-yelp;tripadvisor-a;yelp-d;1000;0.8;1;6;0;1.0;0.14285714285714285;0.25;0.13259315490722656;1503577128.0814626;1503577128.2140558
trip-yelp;tripadvisor-a;yelp-d;1000;0.9;1;6;0;1.0;0.14285714285714285;0.25;0.13860034942626953;1503577128.2140558;1503577128.3526561
trip-yelp;tripadvisor-a;yelp-e;1000;0.4;1;6;0;1.0;0.14285714285714285;0.25;0.139601469039917;1503577128.3751695;1503577128.514771
trip-yelp;tripadvisor-a;yelp-e;1000;0.5;1;6;0;1.0;0.14285714285714285;0.25;0.12759041786193848;1503577128.514771;1503577128.6423614
trip-yelp;tripadvisor-a;yelp-e;1000;0.6;1;6;0;1.0;0.14285714285714285;0.25;0.12260603904724121;1503577128.6428607;1503577128.7654667
trip-yelp;tripadvisor-a;yelp-e;1000;0.7;1;6;0;1.0;0.14285714285714285;0.25;0.13757967948913574;1503577128.7654667;1503577128.9030464
trip-yelp;tripadvisor-a;yelp-e;1000;0.8;1;6;0;1.0;0.14285714285714285;0.25;0.12809252738952637;1503577128.9030464;1503577129.031139
trip-yelp;tripadvisor-a;yelp-e;1000;0.9;1;6;0;1.0;0.14285714285714285;0.25;0.13209319114685059;1503577129.031139;1503577129.163232
trip-yelp;tripadvisor-a;yelp-a;10000;0.4;1;6;0;1.0;0.14285714285714285;0.25;0.12308645248413086;1503577129.1917703;1503577129.3148568
trip-yelp;tripadvisor-a;yelp-a;10000;0.5;1;6;0;1.0;0.14285714285714285;0.25;0.14008355140686035;1503577129.3148568;1503577129.4549403
trip-yelp;tripadvisor-a;yelp-a;10000;0.6;1;6;0;1.0;0.14285714285714285;0.25;0.1321103572845459;1503577129.4549403;1503577129.5870507
trip-yelp;tripadvisor-a;yelp-a;10000;0.7;1;6;0;1.0;0.14285714285714285;0.25;0.12106728553771973;1503577129.5875528;1503577129.70862
trip-yelp;tripadvisor-a;yelp-a;10000;0.8;1;6;0;1.0;0.14285714285714285;0.25;0.13359284400939941;1503577129.70862;1503577129.842213
trip-yelp;tripadvisor-a;yelp-a;10000;0.9;1;6;0;1.0;0.14285714285714285;0.25;0.12408804893493652;1503577129.842213;1503577129.966301
trip-yelp;tripadvisor-a;yelp-b;10000;0.4;1;6;0;1.0;0.14285714285714285;0.25;0.12909221649169922;1503577129.9893165;1503577130.1184087
trip-yelp;tripadvisor-a;yelp-b;10000;0.5;1;6;0;1.0;0.14285714285714285;0.25;0.14760613441467285;1503577130.1184087;1503577130.2660148
trip-yelp;tripadvisor-a;yelp-b;10000;0.6;1;6;0;1.0;0.14285714285714285;0.25;0.12860918045043945;1503577130.2660148;1503577130.394624
trip-yelp;tripadvisor-a;yelp-b;10000;0.7;1;6;0;1.0;0.14285714285714285;0.25;0.14260196685791016;1503577130.394624;1503577130.537226
trip-yelp;tripadvisor-a;yelp-b;10000;0.8;1;6;0;1.0;0.14285714285714285;0.25;0.12358713150024414;1503577130.537226;1503577130.660813
trip-yelp;tripadvisor-a;yelp-b;10000;0.9;1;6;0;1.0;0.14285714285714285;0.25;0.1245734691619873;1503577130.660813;1503577130.7853866
trip-yelp;tripadvisor-a;yelp-c;10000;0.4;1;6;0;1.0;0.14285714285714285;0.25;0.1285722255706787;1503577130.8109198;1503577130.939492
trip-yelp;tripadvisor-a;yelp-c;10000;0.5;1;6;0;1.0;0.14285714285714285;0.25;0.13159775733947754;1503577130.939492;1503577131.0710897
trip-yelp;tripadvisor-a;yelp-c;10000;0.6;1;6;0;1.0;0.14285714285714285;0.25;0.15210437774658203;1503577131.0710897;1503577131.2231941
trip-yelp;tripadvisor-a;yelp-c;10000;0.7;1;6;0;1.0;0.14285714285714285;0.25;0.22015643119812012;1503577131.2231941;1503577131.4433506
trip-yelp;tripadvisor-a;yelp-c;10000;0.8;1;6;0;1.0;0.14285714285714285;0.25;0.1370992660522461;1503577131.4433506;1503577131.5804498
trip-yelp;tripadvisor-a;yelp-c;10000;0.9;1;6;0;1.0;0.14285714285714285;0.25;0.13261079788208008;1503577131.5804498;1503577131.7130606
trip-yelp;tripadvisor-a;yelp-d;10000;0.4;1;6;0;1.0;0.14285714285714285;0.25;0.13907980918884277;1503577131.7340753;1503577131.873155
trip-yelp;tripadvisor-a;yelp-d;10000;0.5;1;6;0;1.0;0.14285714285714285;0.25;0.12258744239807129;1503577131.873155;1503577131.9957426
trip-yelp;tripadvisor-a;yelp-d;10000;0.6;1;6;0;1.0;0.14285714285714285;0.25;0.1365971565246582;1503577131.996243;1503577132.1328402
trip-yelp;tripadvisor-a;yelp-d;10000;0.7;1;6;0;1.0;0.14285714285714285;0.25;0.13809967041015625;1503577132.1328402;1503577132.2709398
trip-yelp;tripadvisor-a;yelp-d;10000;0.8;1;6;0;1.0;0.14285714285714285;0.25;0.13709592819213867;1503577132.2709398;1503577132.4080358
trip-yelp;tripadvisor-a;yelp-d;10000;0.9;1;6;0;1.0;0.14285714285714285;0.25;0.13759756088256836;1503577132.4080358;1503577132.5456333
trip-yelp;tripadvisor-a;yelp-e;10000;0.4;1;6;0;1.0;0.14285714285714285;0.25;0.12308478355407715;1503577132.5676713;1503577132.690756
trip-yelp;tripadvisor-a;yelp-e;10000;0.5;1;6;0;1.0;0.14285714285714285;0.25;0.13707780838012695;1503577132.690756;1503577132.827834
trip-yelp;tripadvisor-a;yelp-e;10000;0.6;1;6;0;1.0;0.14285714285714285;0.25;0.13309597969055176;1503577132.827834;1503577132.9609299
trip-yelp;tripadvisor-a;yelp-e;10000;0.7;1;6;0;1.0;0.14285714285714285;0.25;0.13809704780578613;1503577132.9609299;1503577133.099027
trip-yelp;tripadvisor-a;yelp-e;10000;0.8;1;6;0;1.0;0.14285714285714285;0.25;0.135115385055542;1503577133.099027;1503577133.2341423
trip-yelp;tripadvisor-a;yelp-e;10000;0.9;1;6;0;1.0;0.14285714285714285;0.25;0.14110064506530762;1503577133.2341423;1503577133.375243
trip-yelp;tripadvisor-a;yelp-a;5000;0.4;2;5;0;1.0;0.2857142857142857;0.4444444444444445;0.14261889457702637;1503577133.4017437;1503577133.5443625
trip-yelp;tripadvisor-a;yelp-a;5000;0.5;2;5;0;1.0;0.2857142857142857;0.4444444444444445;0.12406802177429199;1503577133.5443625;1503577133.6684306
trip-yelp;tripadvisor-a;yelp-a;5000;0.6;2;5;0;1.0;0.2857142857142857;0.4444444444444445;0.127091646194458;1503577133.6684306;1503577133.7955222
trip-yelp;tripadvisor-a;yelp-a;5000;0.7;1;6;0;1.0;0.14285714285714285;0.25;0.15010762214660645;1503577133.7955222;1503577133.9456298
trip-yelp;tripadvisor-a;yelp-a;5000;0.8;1;6;0;1.0;0.14285714285714285;0.25;0.14510416984558105;1503577133.9456298;1503577134.090734
trip-yelp;tripadvisor-a;yelp-a;5000;0.9;1;6;0;1.0;0.14285714285714285;0.25;0.14459967613220215;1503577134.090734;1503577134.2353337
trip-yelp;tripadvisor-a;yelp-b;5000;0.4;1;6;0;1.0;0.14285714285714285;0.25;0.13359522819519043;1503577134.2668567;1503577134.400452
trip-yelp;tripadvisor-a;yelp-b;5000;0.5;1;6;0;1.0;0.14285714285714285;0.25;0.18963336944580078;1503577134.400452;1503577134.5900853
trip-yelp;tripadvisor-a;yelp-b;5000;0.6;1;6;0;1.0;0.14285714285714285;0.25;0.19964218139648438;1503577134.5900853;1503577134.7897274
trip-yelp;tripadvisor-a;yelp-b;5000;0.7;1;6;0;1.0;0.14285714285714285;0.25;0.13159418106079102;1503577134.7897274;1503577134.9213216
trip-yelp;tripadvisor-a;yelp-b;5000;0.8;1;6;0;1.0;0.14285714285714285;0.25;0.1436014175415039;1503577134.9213216;1503577135.064923
trip-yelp;tripadvisor-a;yelp-b;5000;0.9;1;6;0;1.0;0.14285714285714285;0.25;0.14960646629333496;1503577135.064923;1503577135.2145295
trip-yelp;tripadvisor-a;yelp-c;5000;0.4;1;6;0;1.0;0.14285714285714285;0.25;0.15461230278015137;1503577135.2815778;1503577135.4361901
trip-yelp;tripadvisor-a;yelp-c;5000;0.5;1;6;0;1.0;0.14285714285714285;0.25;0.1481020450592041;1503577135.4361901;1503577135.5842922
trip-yelp;tripadvisor-a;yelp-c;5000;0.6;1;6;0;1.0;0.14285714285714285;0.25;0.12208771705627441;1503577135.5847926;1503577135.7068803
trip-yelp;tripadvisor-a;yelp-c;5000;0.7;1;6;0;1.0;0.14285714285714285;0.25;0.16261625289916992;1503577135.707381;1503577135.8699973
trip-yelp;tripadvisor-a;yelp-c;5000;0.8;1;6;0;1.0;0.14285714285714285;0.25;0.16361451148986816;1503577135.8699973;1503577136.0336118
trip-yelp;tripadvisor-a;yelp-c;5000;0.9;1;6;0;1.0;0.14285714285714285;0.25;0.18263459205627441;1503577136.0341125;1503577136.216747
trip-yelp;tripadvisor-a;yelp-d;5000;0.4;1;6;0;1.0;0.14285714285714285;0.25;0.1466059684753418;1503577136.2482688;1503577136.3948748
trip-yelp;tripadvisor-a;yelp-d;5000;0.5;1;6;0;1.0;0.14285714285714285;0.25;0.17662549018859863;1503577136.3948748;1503577136.5715003
trip-yelp;tripadvisor-a;yelp-d;5000;0.6;1;6;0;1.0;0.14285714285714285;0.25;0.1436021327972412;1503577136.5715003;1503577136.7151024
trip-yelp;tripadvisor-a;yelp-d;5000;0.7;1;6;0;1.0;0.14285714285714285;0.25;0.1310896873474121;1503577136.715606;1503577136.8466957
trip-yelp;tripadvisor-a;yelp-d;5000;0.8;1;6;0;1.0;0.14285714285714285;0.25;0.13459539413452148;1503577136.8471954;1503577136.9817908
trip-yelp;tripadvisor-a;yelp-d;5000;0.9;1;6;0;1.0;0.14285714285714285;0.25;0.12659072875976562;1503577136.9817908;1503577137.1083815
trip-yelp;tripadvisor-a;yelp-e;5000;0.4;1;6;0;1.0;0.14285714285714285;0.25;0.13909912109375;1503577137.1308959;1503577137.269995
trip-yelp;tripadvisor-a;yelp-e;5000;0.5;1;6;0;1.0;0.14285714285714285;0.25;0.1331167221069336;1503577137.269995;1503577137.4031117
trip-yelp;tripadvisor-a;yelp-e;5000;0.6;1;6;0;1.0;0.14285714285714285;0.25;0.13457322120666504;1503577137.4031117;1503577137.537685
trip-yelp;tripadvisor-a;yelp-e;5000;0.7;1;6;0;1.0;0.14285714285714285;0.25;0.13059544563293457;1503577137.537685;1503577137.6682804
trip-yelp;tripadvisor-a;yelp-e;5000;0.8;1;6;0;1.0;0.14285714285714285;0.25;0.12058353424072266;1503577137.6682804;1503577137.788864
trip-yelp;tripadvisor-a;yelp-e;5000;0.9;1;6;0;1.0;0.14285714285714285;0.25;0.13161253929138184;1503577137.7893643;1503577137.9209769
trip-yelp;tripadvisor-b;yelp-a;100;0.4;1;6;0;1.0;0.14285714285714285;0.25;0.132094144821167;1503577137.9439735;1503577138.0760677
trip-yelp;tripadvisor-b;yelp-a;100;0.5;1;6;0;1.0;0.14285714285714285;0.25;0.14560389518737793;1503577138.0760677;1503577138.2216716
trip-yelp;tripadvisor-b;yelp-a;100;0.6;1;6;0;1.0;0.14285714285714285;0.25;0.1301136016845703;1503577138.2216716;1503577138.3517852
trip-yelp;tripadvisor-b;yelp-a;100;0.7;1;6;0;1.0;0.14285714285714285;0.25;0.1480848789215088;1503577138.3517852;1503577138.49987
trip-yelp;tripadvisor-b;yelp-a;100;0.8;1;6;0;1.0;0.14285714285714285;0.25;0.12310600280761719;1503577138.49987;1503577138.622976
trip-yelp;tripadvisor-b;yelp-a;100;0.9;1;6;0;1.0;0.14285714285714285;0.25;0.12607169151306152;1503577138.622976;1503577138.7490478
trip-yelp;tripadvisor-b;yelp-b;100;0.4;1;6;0;1.0;0.14285714285714285;0.25;0.12957358360290527;1503577138.7720814;1503577138.901655
trip-yelp;tripadvisor-b;yelp-b;100;0.5;1;6;0;1.0;0.14285714285714285;0.25;0.12158679962158203;1503577138.901655;1503577139.0232418
trip-yelp;tripadvisor-b;yelp-b;100;0.6;1;6;0;1.0;0.14285714285714285;0.25;0.14209985733032227;1503577139.0232418;1503577139.1653416
trip-yelp;tripadvisor-b;yelp-b;100;0.7;1;6;0;1.0;0.14285714285714285;0.25;0.13361573219299316;1503577139.1653416;1503577139.2989573
trip-yelp;tripadvisor-b;yelp-b;100;0.8;1;6;0;1.0;0.14285714285714285;0.25;0.12957239151000977;1503577139.2989573;1503577139.4285297
trip-yelp;tripadvisor-b;yelp-b;100;0.9;1;6;0;1.0;0.14285714285714285;0.25;0.24767565727233887;1503577139.4285297;1503577139.6762054
trip-yelp;tripadvisor-b;yelp-c;100;0.4;1;6;0;1.0;0.14285714285714285;0.25;0.3522505760192871;1503577139.7337463;1503577140.0859969
trip-yelp;tripadvisor-b;yelp-c;100;0.5;1;6;0;1.0;0.14285714285714285;0.25;0.23166322708129883;1503577140.0859969;1503577140.31766
trip-yelp;tripadvisor-b;yelp-c;100;0.6;1;6;0;1.0;0.14285714285714285;0.25;0.22966313362121582;1503577140.31766;1503577140.5473232
trip-yelp;tripadvisor-b;yelp-c;100;0.7;1;6;0;1.0;0.14285714285714285;0.25;0.1726245880126953;1503577140.5473232;1503577140.7199478
trip-yelp;tripadvisor-b;yelp-c;100;0.8;1;6;0;1.0;0.14285714285714285;0.25;0.25017833709716797;1503577140.7204468;1503577140.9706252
trip-yelp;tripadvisor-b;yelp-c;100;0.9;1;6;0;1.0;0.14285714285714285;0.25;0.378770112991333;1503577140.9711256;1503577141.3498957
trip-yelp;tripadvisor-b;yelp-d;100;0.4;1;6;0;1.0;0.14285714285714285;0.25;0.1706223487854004;1503577141.3949258;1503577141.5655482
trip-yelp;tripadvisor-b;yelp-d;100;0.5;1;6;0;1.0;0.14285714285714285;0.25;0.2671926021575928;1503577141.5665479;1503577141.8337405
trip-yelp;tripadvisor-b;yelp-d;100;0.6;1;6;0;1.0;0.14285714285714285;0.25;0.12308549880981445;1503577141.8337405;1503577141.956826
trip-yelp;tripadvisor-b;yelp-d;100;0.7;1;6;0;1.0;0.14285714285714285;0.25;0.16861987113952637;1503577141.956826;1503577142.1254458
trip-yelp;tripadvisor-b;yelp-d;100;0.8;1;6;0;1.0;0.14285714285714285;0.25;0.1385972499847412;1503577142.1254458;1503577142.264043
trip-yelp;tripadvisor-b;yelp-d;100;0.9;1;6;0;1.0;0.14285714285714285;0.25;0.1376175880432129;1503577142.264043;1503577142.4016607
trip-yelp;tripadvisor-b;yelp-e;100;0.4;2;5;0;1.0;0.2857142857142857;0.4444444444444445;0.14960527420043945;1503577142.4271603;1503577142.5767655
trip-yelp;tripadvisor-b;yelp-e;100;0.5;2;5;0;1.0;0.2857142857142857;0.4444444444444445;0.13059210777282715;1503577142.5772667;1503577142.7078588
trip-yelp;tripadvisor-b;yelp-e;100;0.6;1;6;0;1.0;0.14285714285714285;0.25;0.13109350204467773;1503577142.7078588;1503577142.8389523
trip-yelp;tripadvisor-b;yelp-e;100;0.7;1;6;0;1.0;0.14285714285714285;0.25;0.13608741760253906;1503577142.8394613;1503577142.9755487
trip-yelp;tripadvisor-b;yelp-e;100;0.8;1;6;0;1.0;0.14285714285714285;0.25;0.13609790802001953;1503577142.9755487;1503577143.1116467
trip-yelp;tripadvisor-b;yelp-e;100;0.9;0;7;0;1.0;0.14285714285714285;0;0.15260791778564453;1503577143.1116467;1503577143.2642546
trip-yelp;tripadvisor-b;yelp-a;1000;0.4;1;6;0;1.0;0.14285714285714285;0.25;0.1370999813079834;1503577143.2967765;1503577143.4338765
trip-yelp;tripadvisor-b;yelp-a;1000;0.5;1;6;0;1.0;0.14285714285714285;0.25;0.16411495208740234;1503577143.4338765;1503577143.5979915
trip-yelp;tripadvisor-b;yelp-a;1000;0.6;1;6;0;1.0;0.14285714285714285;0.25;0.13359546661376953;1503577143.5979915;1503577143.731587
trip-yelp;tripadvisor-b;yelp-a;1000;0.7;1;6;0;1.0;0.14285714285714285;0.25;0.14910507202148438;1503577143.731587;1503577143.880692
trip-yelp;tripadvisor-b;yelp-a;1000;0.8;1;6;0;1.0;0.14285714285714285;0.25;0.12911367416381836;1503577143.880692;1503577144.0098057
trip-yelp;tripadvisor-b;yelp-a;1000;0.9;1;6;0;1.0;0.14285714285714285;0.25;0.3442244529724121;1503577144.0098057;1503577144.3540301
trip-yelp;tripadvisor-b;yelp-b;1000;0.4;1;6;0;1.0;0.14285714285714285;0.25;0.13507843017578125;1503577144.3805654;1503577144.5156438
trip-yelp;tripadvisor-b;yelp-b;1000;0.5;1;6;0;1.0;0.14285714285714285;0.25;0.12658929824829102;1503577144.5156438;1503577144.6422331
trip-yelp;tripadvisor-b;yelp-b;1000;0.6;1;6;0;1.0;0.14285714285714285;0.25;0.20064330101013184;1503577144.6422331;1503577144.8428764
trip-yelp;tripadvisor-b;yelp-b;1000;0.7;1;6;0;1.0;0.14285714285714285;0.25;0.12410736083984375;1503577144.8428764;1503577144.9669838
trip-yelp;tripadvisor-b;yelp-b;1000;0.8;1;6;0;1.0;0.14285714285714285;0.25;0.20962977409362793;1503577144.9669838;1503577145.1766136
trip-yelp;tripadvisor-b;yelp-b;1000;0.9;1;6;0;1.0;0.14285714285714285;0.25;0.1276092529296875;1503577145.1766136;1503577145.3042228
trip-yelp;tripadvisor-b;yelp-c;1000;0.4;1;6;0;1.0;0.14285714285714285;0.25;0.3452455997467041;1503577145.326719;1503577145.6719646
trip-yelp;tripadvisor-b;yelp-c;1000;0.5;1;6;0;1.0;0.14285714285714285;0.25;0.13059425354003906;1503577145.6719646;1503577145.802559
trip-yelp;tripadvisor-b;yelp-c;1000;0.6;1;6;0;1.0;0.14285714285714285;0.25;0.14960622787475586;1503577145.802559;1503577145.9521651
trip-yelp;tripadvisor-b;yelp-c;1000;0.7;1;6;0;1.0;0.14285714285714285;0.25;0.13661456108093262;1503577145.9521651;1503577146.0887797
trip-yelp;tripadvisor-b;yelp-c;1000;0.8;1;6;0;1.0;0.14285714285714285;0.25;0.14208197593688965;1503577146.0887797;1503577146.2308617
trip-yelp;tripadvisor-b;yelp-c;1000;0.9;1;6;0;1.0;0.14285714285714285;0.25;0.1396183967590332;1503577146.2308617;1503577146.37048
trip-yelp;tripadvisor-b;yelp-d;1000;0.4;1;6;0;1.0;0.14285714285714285;0.25;0.16261553764343262;1503577146.394478;1503577146.5570936
trip-yelp;tripadvisor-b;yelp-d;1000;0.5;1;6;0;1.0;0.14285714285714285;0.25;0.1370992660522461;1503577146.5570936;1503577146.694193
trip-yelp;tripadvisor-b;yelp-d;1000;0.6;1;6;0;1.0;0.14285714285714285;0.25;0.1296100616455078;1503577146.694193;1503577146.823803
trip-yelp;tripadvisor-b;yelp-d;1000;0.7;1;6;0;1.0;0.14285714285714285;0.25;0.1841108798980713;1503577146.823803;1503577147.0079138
trip-yelp;tripadvisor-b;yelp-d;1000;0.8;1;6;0;1.0;0.14285714285714285;0.25;0.13509750366210938;1503577147.0079138;1503577147.1430113
trip-yelp;tripadvisor-b;yelp-d;1000;0.9;1;6;0;1.0;0.14285714285714285;0.25;0.14710569381713867;1503577147.1430113;1503577147.290117
trip-yelp;tripadvisor-b;yelp-e;1000;0.4;1;6;0;1.0;0.14285714285714285;0.25;0.14260196685791016;1503577147.316653;1503577147.459255
trip-yelp;tripadvisor-b;yelp-e;1000;0.5;1;6;0;1.0;0.14285714285714285;0.25;0.1360781192779541;1503577147.459255;1503577147.595333
trip-yelp;tripadvisor-b;yelp-e;1000;0.6;1;6;0;1.0;0.14285714285714285;0.25;0.1315937042236328;1503577147.595333;1503577147.7269268
trip-yelp;tripadvisor-b;yelp-e;1000;0.7;1;6;0;1.0;0.14285714285714285;0.25;0.13009047508239746;1503577147.7269268;1503577147.8570173
trip-yelp;tripadvisor-b;yelp-e;1000;0.8;1;6;0;1.0;0.14285714285714285;0.25;0.12160563468933105;1503577147.8570173;1503577147.978623
trip-yelp;tripadvisor-b;yelp-e;1000;0.9;1;6;0;1.0;0.14285714285714285;0.25;0.20362496376037598;1503577147.978623;1503577148.1822479
trip-yelp;tripadvisor-b;yelp-a;10000;0.4;1;6;0;1.0;0.14285714285714285;0.25;0.12609577178955078;1503577148.2102673;1503577148.336363
trip-yelp;tripadvisor-b;yelp-a;10000;0.5;1;6;0;1.0;0.14285714285714285;0.25;0.14612197875976562;1503577148.336363;1503577148.482485
trip-yelp;tripadvisor-b;yelp-a;10000;0.6;1;6;0;1.0;0.14285714285714285;0.25;0.12809085845947266;1503577148.482485;1503577148.610576
trip-yelp;tripadvisor-b;yelp-a;10000;0.7;1;6;0;1.0;0.14285714285714285;0.25;0.12307024002075195;1503577148.610576;1503577148.7336462
trip-yelp;tripadvisor-b;yelp-a;10000;0.8;1;6;0;1.0;0.14285714285714285;0.25;0.1365954875946045;1503577148.7336462;1503577148.8702416
trip-yelp;tripadvisor-b;yelp-a;10000;0.9;1;6;0;1.0;0.14285714285714285;0.25;0.1410996913909912;1503577148.8702416;1503577149.0113413
trip-yelp;tripadvisor-b;yelp-b;10000;0.4;1;6;0;1.0;0.14285714285714285;0.25;0.1441059112548828;1503577149.0338569;1503577149.1779628
trip-yelp;tripadvisor-b;yelp-b;10000;0.5;1;6;0;1.0;0.14285714285714285;0.25;0.14059686660766602;1503577149.1779628;1503577149.3185596
trip-yelp;tripadvisor-b;yelp-b;10000;0.6;1;6;0;1.0;0.14285714285714285;0.25;0.1396021842956543;1503577149.3185596;1503577149.4581618
trip-yelp;tripadvisor-b;yelp-b;10000;0.7;1;6;0;1.0;0.14285714285714285;0.25;0.1731245517730713;1503577149.4581618;1503577149.6312864
trip-yelp;tripadvisor-b;yelp-b;10000;0.8;1;6;0;1.0;0.14285714285714285;0.25;0.1791231632232666;1503577149.6312864;1503577149.8104095
trip-yelp;tripadvisor-b;yelp-b;10000;0.9;1;6;0;1.0;0.14285714285714285;0.25;0.1446220874786377;1503577149.8104095;1503577149.9550316
trip-yelp;tripadvisor-b;yelp-c;10000;0.4;1;6;0;1.0;0.14285714285714285;0.25;0.12858986854553223;1503577149.9840338;1503577150.1126237
trip-yelp;tripadvisor-b;yelp-c;10000;0.5;1;6;0;1.0;0.14285714285714285;0.25;0.14110255241394043;1503577150.1126237;1503577150.2537262
trip-yelp;tripadvisor-b;yelp-c;10000;0.6;1;6;0;1.0;0.14285714285714285;0.25;0.13911652565002441;1503577150.2537262;1503577150.3928428
trip-yelp;tripadvisor-b;yelp-c;10000;0.7;1;6;0;1.0;0.14285714285714285;0.25;0.14560413360595703;1503577150.3928428;1503577150.538447
trip-yelp;tripadvisor-b;yelp-c;10000;0.8;1;6;0;1.0;0.14285714285714285;0.25;0.1956188678741455;1503577150.538447;1503577150.7340658
trip-yelp;tripadvisor-b;yelp-c;10000;0.9;1;6;0;1.0;0.14285714285714285;0.25;0.13960051536560059;1503577150.7340658;1503577150.8736663
trip-yelp;tripadvisor-b;yelp-d;10000;0.4;1;6;0;1.0;0.14285714285714285;0.25;0.12557268142700195;1503577150.8997023;1503577151.025275
trip-yelp;tripadvisor-b;yelp-d;10000;0.5;1;6;0;1.0;0.14285714285714285;0.25;0.16811800003051758;1503577151.0257752;1503577151.1938932
trip-yelp;tripadvisor-b;yelp-d;10000;0.6;1;6;0;1.0;0.14285714285714285;0.25;0.16611838340759277;1503577151.1938932;1503577151.3600116
trip-yelp;tripadvisor-b;yelp-d;10000;0.7;1;6;0;1.0;0.14285714285714285;0.25;0.14009952545166016;1503577151.3600116;1503577151.500111
trip-yelp;tripadvisor-b;yelp-d;10000;0.8;1;6;0;1.0;0.14285714285714285;0.25;0.13009285926818848;1503577151.500111;1503577151.630204
trip-yelp;tripadvisor-b;yelp-d;10000;0.9;1;6;0;1.0;0.14285714285714285;0.25;0.12210512161254883;1503577151.630204;1503577151.752309
trip-yelp;tripadvisor-b;yelp-e;10000;0.4;1;6;0;1.0;0.14285714285714285;0.25;0.14260125160217285;1503577151.7753246;1503577151.9179258
trip-yelp;tripadvisor-b;yelp-e;10000;0.5;1;6;0;1.0;0.14285714285714285;0.25;0.12158703804016113;1503577151.9179258;1503577152.0395129
trip-yelp;tripadvisor-b;yelp-e;10000;0.6;1;6;0;1.0;0.14285714285714285;0.25;0.14458489418029785;1503577152.0395129;1503577152.1840978
trip-yelp;tripadvisor-b;yelp-e;10000;0.7;1;6;0;1.0;0.14285714285714285;0.25;0.14961624145507812;1503577152.1840978;1503577152.333714
trip-yelp;tripadvisor-b;yelp-e;10000;0.8;1;6;0;1.0;0.14285714285714285;0.25;0.14310169219970703;1503577152.3342159;1503577152.4773176
trip-yelp;tripadvisor-b;yelp-e;10000;0.9;1;6;0;1.0;0.14285714285714285;0.25;0.13709616661071777;1503577152.4773176;1503577152.6144137
trip-yelp;tripadvisor-b;yelp-a;5000;0.4;1;6;0;1.0;0.14285714285714285;0.25;0.11858749389648438;1503577152.63843;1503577152.7570176
trip-yelp;tripadvisor-b;yelp-a;5000;0.5;1;6;0;1.0;0.14285714285714285;0.25;0.1340937614440918;1503577152.7570176;1503577152.8911114
trip-yelp;tripadvisor-b;yelp-a;5000;0.6;1;6;0;1.0;0.14285714285714285;0.25;0.13111376762390137;1503577152.8911114;1503577153.0222251
trip-yelp;tripadvisor-b;yelp-a;5000;0.7;1;6;0;1.0;0.14285714285714285;0.25;0.12858891487121582;1503577153.0222251;1503577153.150814
trip-yelp;tripadvisor-b;yelp-a;5000;0.8;1;6;0;1.0;0.14285714285714285;0.25;0.138580322265625;1503577153.150814;1503577153.2893944
trip-yelp;tripadvisor-b;yelp-a;5000;0.9;1;6;0;1.0;0.14285714285714285;0.25;0.1370987892150879;1503577153.2893944;1503577153.4264932
trip-yelp;tripadvisor-b;yelp-b;5000;0.4;1;6;0;1.0;0.14285714285714285;0.25;0.1345980167388916;1503577153.4520075;1503577153.5866055
trip-yelp;tripadvisor-b;yelp-b;5000;0.5;1;6;0;1.0;0.14285714285714285;0.25;0.13009214401245117;1503577153.5866055;1503577153.7166977
trip-yelp;tripadvisor-b;yelp-b;5000;0.6;1;6;0;1.0;0.14285714285714285;0.25;0.12507104873657227;1503577153.7172165;1503577153.8422875
trip-yelp;tripadvisor-b;yelp-b;5000;0.7;1;6;0;1.0;0.14285714285714285;0.25;0.12809062004089355;1503577153.8427875;1503577153.9708781
trip-yelp;tripadvisor-b;yelp-b;5000;0.8;1;6;0;1.0;0.14285714285714285;0.25;0.13960003852844238;1503577153.9708781;1503577154.1104782
trip-yelp;tripadvisor-b;yelp-b;5000;0.9;1;6;0;1.0;0.14285714285714285;0.25;0.13759613037109375;1503577154.1104782;1503577154.2480743
trip-yelp;tripadvisor-b;yelp-c;5000;0.4;1;6;0;1.0;0.14285714285714285;0.25;0.12957358360290527;1503577154.2716088;1503577154.4011824
trip-yelp;tripadvisor-b;yelp-c;5000;0.5;1;6;0;1.0;0.14285714285714285;0.25;0.1486048698425293;1503577154.4011824;1503577154.5497873
trip-yelp;tripadvisor-b;yelp-c;5000;0.6;1;6;0;1.0;0.14285714285714285;0.25;0.12410831451416016;1503577154.550288;1503577154.6743963
trip-yelp;tripadvisor-b;yelp-c;5000;0.7;1;6;0;1.0;0.14285714285714285;0.25;0.12306904792785645;1503577154.6743963;1503577154.7974653
trip-yelp;tripadvisor-b;yelp-c;5000;0.8;1;6;0;1.0;0.14285714285714285;0.25;0.14011716842651367;1503577154.7974653;1503577154.9375825
trip-yelp;tripadvisor-b;yelp-c;5000;0.9;1;6;0;1.0;0.14285714285714285;0.25;0.12809014320373535;1503577154.9375825;1503577155.0656726
trip-yelp;tripadvisor-b;yelp-d;5000;0.4;1;6;0;1.0;0.14285714285714285;0.25;0.14810562133789062;1503577155.093173;1503577155.2412786
trip-yelp;tripadvisor-b;yelp-d;5000;0.5;1;6;0;1.0;0.14285714285714285;0.25;0.12809205055236816;1503577155.2412786;1503577155.3693707
trip-yelp;tripadvisor-b;yelp-d;5000;0.6;1;6;0;1.0;0.14285714285714285;0.25;0.13561511039733887;1503577155.3693707;1503577155.5049858
trip-yelp;tripadvisor-b;yelp-d;5000;0.7;1;6;0;1.0;0.14285714285714285;0.25;0.1345958709716797;1503577155.5049858;1503577155.6395817
trip-yelp;tripadvisor-b;yelp-d;5000;0.8;1;6;0;1.0;0.14285714285714285;0.25;0.12056827545166016;1503577155.6395817;1503577155.76015
trip-yelp;tripadvisor-b;yelp-d;5000;0.9;1;6;0;1.0;0.14285714285714285;0.25;0.13411283493041992;1503577155.76015;1503577155.8942628
trip-yelp;tripadvisor-b;yelp-e;5000;0.4;1;6;0;1.0;0.14285714285714285;0.25;0.12809324264526367;1503577155.9187596;1503577156.0468528
trip-yelp;tripadvisor-b;yelp-e;5000;0.5;1;6;0;1.0;0.14285714285714285;0.25;0.1385970115661621;1503577156.0468528;1503577156.1854498
trip-yelp;tripadvisor-b;yelp-e;5000;0.6;1;6;0;1.0;0.14285714285714285;0.25;0.14011859893798828;1503577156.1854498;1503577156.3255684
trip-yelp;tripadvisor-b;yelp-e;5000;0.7;1;6;0;1.0;0.14285714285714285;0.25;0.14058184623718262;1503577156.3255684;1503577156.4661503
trip-yelp;tripadvisor-b;yelp-e;5000;0.8;1;6;0;1.0;0.14285714285714285;0.25;0.1320960521697998;1503577156.4661503;1503577156.5982463
trip-yelp;tripadvisor-b;yelp-e;5000;0.9;1;6;0;1.0;0.14285714285714285;0.25;0.12708806991577148;1503577156.5987456;1503577156.7258337
trip-yelp;tripadvisor-c;yelp-a;100;0.4;1;6;0;1.0;0.14285714285714285;0.25;0.13308000564575195;1503577156.7488697;1503577156.8819497
trip-yelp;tripadvisor-c;yelp-a;100;0.5;1;6;0;1.0;0.14285714285714285;0.25;0.12160205841064453;1503577156.8819497;1503577157.0035517
trip-yelp;tripadvisor-c;yelp-a;100;0.6;1;6;0;1.0;0.14285714285714285;0.25;0.13559651374816895;1503577157.0040317;1503577157.1396282
trip-yelp;tripadvisor-c;yelp-a;100;0.7;1;6;0;1.0;0.14285714285714285;0.25;0.1326143741607666;1503577157.1396282;1503577157.2722425
trip-yelp;tripadvisor-c;yelp-a;100;0.8;1;6;0;1.0;0.14285714285714285;0.25;0.12658953666687012;1503577157.2722425;1503577157.398832
trip-yelp;tripadvisor-c;yelp-a;100;0.9;1;6;0;1.0;0.14285714285714285;0.25;0.14258289337158203;1503577157.398832;1503577157.541415
trip-yelp;tripadvisor-c;yelp-b;100;0.4;1;6;1;0.5;0.14285714285714285;0.22222222222222224;0.12558889389038086;1503577157.5649307;1503577157.6905196
trip-yelp;tripadvisor-c;yelp-b;100;0.5;1;6;1;0.5;0.14285714285714285;0.22222222222222224;0.12508869171142578;1503577157.6905196;1503577157.8156083
trip-yelp;tripadvisor-c;yelp-b;100;0.6;1;6;0;1.0;0.14285714285714285;0.25;0.18262863159179688;1503577157.816109;1503577157.9987376
trip-yelp;tripadvisor-c;yelp-b;100;0.7;1;6;0;1.0;0.14285714285714285;0.25;0.12558960914611816;1503577157.9987376;1503577158.1243272
trip-yelp;tripadvisor-c;yelp-b;100;0.8;1;6;0;1.0;0.14285714285714285;0.25;0.1421208381652832;1503577158.1243272;1503577158.266448
trip-yelp;tripadvisor-c;yelp-b;100;0.9;1;6;0;1.0;0.14285714285714285;0.25;0.12707304954528809;1503577158.266448;1503577158.393521
trip-yelp;tripadvisor-c;yelp-c;100;0.4;1;6;0;1.0;0.14285714285714285;0.25;0.15210628509521484;1503577158.4180377;1503577158.570144
trip-yelp;tripadvisor-c;yelp-c;100;0.5;1;6;0;1.0;0.14285714285714285;0.25;0.12559127807617188;1503577158.570144;1503577158.6957352
trip-yelp;tripadvisor-c;yelp-c;100;0.6;1;6;0;1.0;0.14285714285714285;0.25;0.2226581573486328;1503577158.6957352;1503577158.9183934
trip-yelp;tripadvisor-c;yelp-c;100;0.7;1;6;0;1.0;0.14285714285714285;0.25;0.1696183681488037;1503577158.9183934;1503577159.0880117
trip-yelp;tripadvisor-c;yelp-c;100;0.8;1;6;0;1.0;0.14285714285714285;0.25;0.1315937042236328;1503577159.0880117;1503577159.2196054
trip-yelp;tripadvisor-c;yelp-c;100;0.9;1;6;0;1.0;0.14285714285714285;0.25;0.13061308860778809;1503577159.2196054;1503577159.3502185
trip-yelp;tripadvisor-c;yelp-d;100;0.4;1;6;0;1.0;0.14285714285714285;0.25;0.13059496879577637;1503577159.3757164;1503577159.5063114
trip-yelp;tripadvisor-c;yelp-d;100;0.5;1;6;0;1.0;0.14285714285714285;0.25;0.13109135627746582;1503577159.5063114;1503577159.6374028
trip-yelp;tripadvisor-c;yelp-d;100;0.6;1;6;0;1.0;0.14285714285714285;0.25;0.1256115436553955;1503577159.6374028;1503577159.7630143
trip-yelp;tripadvisor-c;yelp-d;100;0.7;1;6;0;1.0;0.14285714285714285;0.25;0.13957905769348145;1503577159.7630143;1503577159.9025934
trip-yelp;tripadvisor-c;yelp-d;100;0.8;1;6;0;1.0;0.14285714285714285;0.25;0.1226034164428711;1503577159.9025934;1503577160.0251968
trip-yelp;tripadvisor-c;yelp-d;100;0.9;1;6;0;1.0;0.14285714285714285;0.25;0.13907957077026367;1503577160.0251968;1503577160.1642764
trip-yelp;tripadvisor-c;yelp-e;100;0.4;1;6;0;1.0;0.14285714285714285;0.25;0.1385946273803711;1503577160.2053099;1503577160.3439045
trip-yelp;tripadvisor-c;yelp-e;100;0.5;1;6;0;1.0;0.14285714285714285;0.25;0.14059996604919434;1503577160.3439045;1503577160.4845045
trip-yelp;tripadvisor-c;yelp-e;100;0.6;1;6;0;1.0;0.14285714285714285;0.25;0.1271047592163086;1503577160.48501;1503577160.6121147
trip-yelp;tripadvisor-c;yelp-e;100;0.7;1;6;0;1.0;0.14285714285714285;0.25;0.12258744239807129;1503577160.6121147;1503577160.734702
trip-yelp;tripadvisor-c;yelp-e;100;0.8;1;6;0;1.0;0.14285714285714285;0.25;0.13707828521728516;1503577160.734702;1503577160.8717804
trip-yelp;tripadvisor-c;yelp-e;100;0.9;1;6;0;1.0;0.14285714285714285;0.25;0.12058568000793457;1503577160.8717804;1503577160.992366
trip-yelp;tripadvisor-c;yelp-a;1000;0.4;1;6;0;1.0;0.14285714285714285;0.25;0.23366475105285645;1503577161.0203876;1503577161.2540524
trip-yelp;tripadvisor-c;yelp-a;1000;0.5;1;6;0;1.0;0.14285714285714285;0.25;0.15511012077331543;1503577161.2540524;1503577161.4091625
trip-yelp;tripadvisor-c;yelp-a;1000;0.6;1;6;0;1.0;0.14285714285714285;0.25;0.17763066291809082;1503577161.4091625;1503577161.5867932
trip-yelp;tripadvisor-c;yelp-a;1000;0.7;1;6;0;1.0;0.14285714285714285;0.25;0.12861013412475586;1503577161.5872881;1503577161.7158983
trip-yelp;tripadvisor-c;yelp-a;1000;0.8;1;6;0;1.0;0.14285714285714285;0.25;0.12957429885864258;1503577161.7158983;1503577161.8454726
trip-yelp;tripadvisor-c;yelp-a;1000;0.9;1;6;0;1.0;0.14285714285714285;0.25;0.13761544227600098;1503577161.8454726;1503577161.983088
trip-yelp;tripadvisor-c;yelp-b;1000;0.4;1;6;0;1.0;0.14285714285714285;0.25;0.131575345993042;1503577162.006605;1503577162.1381803
trip-yelp;tripadvisor-c;yelp-b;1000;0.5;1;6;0;1.0;0.14285714285714285;0.25;0.1365957260131836;1503577162.1381803;1503577162.274776
trip-yelp;tripadvisor-c;yelp-b;1000;0.6;1;6;0;1.0;0.14285714285714285;0.25;0.1320953369140625;1503577162.274776;1503577162.4068713
trip-yelp;tripadvisor-c;yelp-b;1000;0.7;1;6;0;1.0;0.14285714285714285;0.25;0.13361382484436035;1503577162.4073715;1503577162.5409853
trip-yelp;tripadvisor-c;yelp-b;1000;0.8;1;6;0;1.0;0.14285714285714285;0.25;0.129594087600708;1503577162.5409853;1503577162.6705794
trip-yelp;tripadvisor-c;yelp-b;1000;0.9;1;6;0;1.0;0.14285714285714285;0.25;0.12608695030212402;1503577162.6705794;1503577162.7966664
trip-yelp;tripadvisor-c;yelp-c;1000;0.4;1;6;0;1.0;0.14285714285714285;0.25;0.12858915328979492;1503577162.8191648;1503577162.947754
trip-yelp;tripadvisor-c;yelp-c;1000;0.5;1;6;0;1.0;0.14285714285714285;0.25;0.13109326362609863;1503577162.947754;1503577163.0788472
trip-yelp;tripadvisor-c;yelp-c;1000;0.6;1;6;0;1.0;0.14285714285714285;0.25;0.13809871673583984;1503577163.0788472;1503577163.216946
trip-yelp;tripadvisor-c;yelp-c;1000;0.7;1;6;0;1.0;0.14285714285714285;0.25;0.13159394264221191;1503577163.216946;1503577163.3485398
trip-yelp;tripadvisor-c;yelp-c;1000;0.8;1;6;0;1.0;0.14285714285714285;0.25;0.14009881019592285;1503577163.3485398;1503577163.4886386
trip-yelp;tripadvisor-c;yelp-c;1000;0.9;1;6;0;1.0;0.14285714285714285;0.25;0.1301121711730957;1503577163.4886386;1503577163.6187508
trip-yelp;tripadvisor-c;yelp-d;1000;0.4;1;6;0;1.0;0.14285714285714285;0.25;0.14111781120300293;1503577163.6437502;1503577163.784868
trip-yelp;tripadvisor-c;yelp-d;1000;0.5;1;6;0;1.0;0.14285714285714285;0.25;0.13807916641235352;1503577163.784868;1503577163.9229472
trip-yelp;tripadvisor-c;yelp-d;1000;0.6;1;6;0;1.0;0.14285714285714285;0.25;0.12208676338195801;1503577163.9229472;1503577164.045034
trip-yelp;tripadvisor-c;yelp-d;1000;0.7;1;6;0;1.0;0.14285714285714285;0.25;0.14060020446777344;1503577164.045034;1503577164.1856341
trip-yelp;tripadvisor-c;yelp-d;1000;0.8;1;6;0;1.0;0.14285714285714285;0.25;0.14060187339782715;1503577164.1856341;1503577164.326236
trip-yelp;tripadvisor-c;yelp-d;1000;0.9;1;6;0;1.0;0.14285714285714285;0.25;0.12560701370239258;1503577164.326236;1503577164.451843
trip-yelp;tripadvisor-c;yelp-e;1000;0.4;1;6;0;1.0;0.14285714285714285;0.25;0.13809823989868164;1503577164.4768598;1503577164.614958
trip-yelp;tripadvisor-c;yelp-e;1000;0.5;1;6;0;1.0;0.14285714285714285;0.25;0.12456941604614258;1503577164.614958;1503577164.7395275
trip-yelp;tripadvisor-c;yelp-e;1000;0.6;1;6;0;1.0;0.14285714285714285;0.25;0.13109397888183594;1503577164.7395275;1503577164.8706214
trip-yelp;tripadvisor-c;yelp-e;1000;0.7;1;6;0;1.0;0.14285714285714285;0.25;0.14960598945617676;1503577164.8706214;1503577165.0202274
trip-yelp;tripadvisor-c;yelp-e;1000;0.8;1;6;0;1.0;0.14285714285714285;0.25;0.1340959072113037;1503577165.0217278;1503577165.1558237
trip-yelp;tripadvisor-c;yelp-e;1000;0.9;1;6;0;1.0;0.14285714285714285;0.25;0.14510560035705566;1503577165.1558237;1503577165.3009293
trip-yelp;tripadvisor-c;yelp-a;10000;0.4;1;6;0;1.0;0.14285714285714285;0.25;0.13109374046325684;1503577165.3294473;1503577165.460541
trip-yelp;tripadvisor-c;yelp-a;10000;0.5;1;6;0;1.0;0.14285714285714285;0.25;0.14710378646850586;1503577165.4610422;1503577165.608146
trip-yelp;tripadvisor-c;yelp-a;10000;0.6;1;6;0;1.0;0.14285714285714285;0.25;0.13559699058532715;1503577165.608146;1503577165.743743
trip-yelp;tripadvisor-c;yelp-a;10000;0.7;1;6;0;1.0;0.14285714285714285;0.25;0.13111042976379395;1503577165.743743;1503577165.8748534
trip-yelp;tripadvisor-c;yelp-a;10000;0.8;1;6;0;1.0;0.14285714285714285;0.25;0.12357330322265625;1503577165.875351;1503577165.9989243
trip-yelp;tripadvisor-c;yelp-a;10000;0.9;1;6;0;1.0;0.14285714285714285;0.25;0.16311407089233398;1503577165.9989243;1503577166.1620383
trip-yelp;tripadvisor-c;yelp-b;10000;0.4;1;6;0;1.0;0.14285714285714285;0.25;0.12608790397644043;1503577166.1900609;1503577166.3161488
trip-yelp;tripadvisor-c;yelp-b;10000;0.5;1;6;0;1.0;0.14285714285714285;0.25;0.13009095191955566;1503577166.3166516;1503577166.4467425
trip-yelp;tripadvisor-c;yelp-b;10000;0.6;1;6;0;1.0;0.14285714285714285;0.25;0.13161063194274902;1503577166.4467425;1503577166.5783532
trip-yelp;tripadvisor-c;yelp-b;10000;0.7;1;6;0;1.0;0.14285714285714285;0.25;0.12158632278442383;1503577166.5783532;1503577166.6999395
trip-yelp;tripadvisor-c;yelp-b;10000;0.8;1;6;0;1.0;0.14285714285714285;0.25;0.12560081481933594;1503577166.6999395;1503577166.8255403
trip-yelp;tripadvisor-c;yelp-b;10000;0.9;1;6;0;1.0;0.14285714285714285;0.25;0.13207006454467773;1503577166.826043;1503577166.958113
trip-yelp;tripadvisor-c;yelp-c;10000;0.4;1;6;0;1.0;0.14285714285714285;0.25;0.13111162185668945;1503577166.98063;1503577167.1117415
trip-yelp;tripadvisor-c;yelp-c;10000;0.5;1;6;0;1.0;0.14285714285714285;0.25;0.14208555221557617;1503577167.1117415;1503577167.253827
trip-yelp;tripadvisor-c;yelp-c;10000;0.6;1;6;0;1.0;0.14285714285714285;0.25;0.12610816955566406;1503577167.253827;1503577167.3799353
trip-yelp;tripadvisor-c;yelp-c;10000;0.7;1;6;0;1.0;0.14285714285714285;0.25;0.1315903663635254;1503577167.3799353;1503577167.5115256
trip-yelp;tripadvisor-c;yelp-c;10000;0.8;1;6;0;1.0;0.14285714285714285;0.25;0.1380784511566162;1503577167.5115256;1503577167.649604
trip-yelp;tripadvisor-c;yelp-c;10000;0.9;1;6;0;1.0;0.14285714285714285;0.25;0.12661051750183105;1503577167.649604;1503577167.7762146
trip-yelp;tripadvisor-c;yelp-d;10000;0.4;1;6;0;1.0;0.14285714285714285;0.25;0.1606149673461914;1503577167.798209;1503577167.958824
trip-yelp;tripadvisor-c;yelp-d;10000;0.5;1;6;0;1.0;0.14285714285714285;0.25;0.263688325881958;1503577167.958824;1503577168.2225122
trip-yelp;tripadvisor-c;yelp-d;10000;0.6;1;6;0;1.0;0.14285714285714285;0.25;0.16611838340759277;1503577168.2225122;1503577168.3886306
trip-yelp;tripadvisor-c;yelp-d;10000;0.7;1;6;0;1.0;0.14285714285714285;0.25;0.1346144676208496;1503577168.3886306;1503577168.523245
trip-yelp;tripadvisor-c;yelp-d;10000;0.8;1;6;0;1.0;0.14285714285714285;0.25;0.19161677360534668;1503577168.523245;1503577168.7148619
trip-yelp;tripadvisor-c;yelp-d;10000;0.9;1;6;0;1.0;0.14285714285714285;0.25;0.2011415958404541;1503577168.7148619;1503577168.9160035
trip-yelp;tripadvisor-c;yelp-e;10000;0.4;1;6;0;1.0;0.14285714285714285;0.25;0.20914936065673828;1503577168.9535306;1503577169.16268
trip-yelp;tripadvisor-c;yelp-e;10000;0.5;1;6;0;1.0;0.14285714285714285;0.25;0.22365832328796387;1503577169.16268;1503577169.3863382
trip-yelp;tripadvisor-c;yelp-e;10000;0.6;1;6;0;1.0;0.14285714285714285;0.25;0.18313026428222656;1503577169.3863382;1503577169.5694685
trip-yelp;tripadvisor-c;yelp-e;10000;0.7;1;6;0;1.0;0.14285714285714285;0.25;0.11960339546203613;1503577169.5699692;1503577169.6895726
trip-yelp;tripadvisor-c;yelp-e;10000;0.8;1;6;0;1.0;0.14285714285714285;0.25;0.1315748691558838;1503577169.6895726;1503577169.8211474
trip-yelp;tripadvisor-c;yelp-e;10000;0.9;1;6;0;1.0;0.14285714285714285;0.25;0.13309264183044434;1503577169.82165;1503577169.9547427
trip-yelp;tripadvisor-c;yelp-a;5000;0.4;1;6;0;1.0;0.14285714285714285;0.25;0.1256098747253418;1503577169.9777596;1503577170.1033695
trip-yelp;tripadvisor-c;yelp-a;5000;0.5;1;6;0;1.0;0.14285714285714285;0.25;0.14158082008361816;1503577170.1033695;1503577170.2449503
trip-yelp;tripadvisor-c;yelp-a;5000;0.6;1;6;0;1.0;0.14285714285714285;0.25;0.125105619430542;1503577170.2449503;1503577170.370056
trip-yelp;tripadvisor-c;yelp-a;5000;0.7;1;6;0;1.0;0.14285714285714285;0.25;0.13309597969055176;1503577170.370056;1503577170.503152
trip-yelp;tripadvisor-c;yelp-a;5000;0.8;1;6;0;1.0;0.14285714285714285;0.25;0.1390984058380127;1503577170.503152;1503577170.6422503
trip-yelp;tripadvisor-c;yelp-a;5000;0.9;1;6;0;1.0;0.14285714285714285;0.25;0.12256717681884766;1503577170.6422503;1503577170.7648175
trip-yelp;tripadvisor-c;yelp-b;5000;0.4;1;6;0;1.0;0.14285714285714285;0.25;0.13810110092163086;1503577170.7873328;1503577170.9254339
trip-yelp;tripadvisor-c;yelp-b;5000;0.5;1;6;0;1.0;0.14285714285714285;0.25;0.12961125373840332;1503577170.9254339;1503577171.0550451
trip-yelp;tripadvisor-c;yelp-b;5000;0.6;1;6;0;1.0;0.14285714285714285;0.25;0.1405777931213379;1503577171.0550451;1503577171.195623
trip-yelp;tripadvisor-c;yelp-b;5000;0.7;1;6;0;1.0;0.14285714285714285;0.25;0.1340954303741455;1503577171.1961238;1503577171.3302193
trip-yelp;tripadvisor-c;yelp-b;5000;0.8;1;6;0;1.0;0.14285714285714285;0.25;0.1256089210510254;1503577171.3302193;1503577171.4558282
trip-yelp;tripadvisor-c;yelp-b;5000;0.9;1;6;0;1.0;0.14285714285714285;0.25;0.1315755844116211;1503577171.4558282;1503577171.5874038
trip-yelp;tripadvisor-c;yelp-c;5000;0.4;1;6;0;1.0;0.14285714285714285;0.25;0.13259601593017578;1503577171.6099172;1503577171.7425132
trip-yelp;tripadvisor-c;yelp-c;5000;0.5;1;6;0;1.0;0.14285714285714285;0.25;0.1270923614501953;1503577171.7425132;1503577171.8696055
trip-yelp;tripadvisor-c;yelp-c;5000;0.6;1;6;0;1.0;0.14285714285714285;0.25;0.1321108341217041;1503577171.8696055;1503577172.0017164
trip-yelp;tripadvisor-c;yelp-c;5000;0.7;1;6;0;1.0;0.14285714285714285;0.25;0.14009857177734375;1503577172.0017164;1503577172.141815
trip-yelp;tripadvisor-c;yelp-c;5000;0.8;1;6;0;1.0;0.14285714285714285;0.25;0.13809823989868164;1503577172.141815;1503577172.2799132
trip-yelp;tripadvisor-c;yelp-c;5000;0.9;1;6;0;1.0;0.14285714285714285;0.25;0.13557839393615723;1503577172.280414;1503577172.4159925
trip-yelp;tripadvisor-c;yelp-d;5000;0.4;1;6;0;1.0;0.14285714285714285;0.25;0.14758586883544922;1503577172.4420288;1503577172.5896146
trip-yelp;tripadvisor-c;yelp-d;5000;0.5;1;6;0;1.0;0.14285714285714285;0.25;0.12961101531982422;1503577172.5896146;1503577172.7192256
trip-yelp;tripadvisor-c;yelp-d;5000;0.6;1;6;0;1.0;0.14285714285714285;0.25;0.12607216835021973;1503577172.7192256;1503577172.8452978
trip-yelp;tripadvisor-c;yelp-d;5000;0.7;1;6;0;1.0;0.14285714285714285;0.25;0.12410497665405273;1503577172.8452978;1503577172.9694028
trip-yelp;tripadvisor-c;yelp-d;5000;0.8;1;6;0;1.0;0.14285714285714285;0.25;0.12807345390319824;1503577172.9694028;1503577173.0974762
trip-yelp;tripadvisor-c;yelp-d;5000;0.9;1;6;0;1.0;0.14285714285714285;0.25;0.14810609817504883;1503577173.0979755;1503577173.2460816
trip-yelp;tripadvisor-c;yelp-e;5000;0.4;1;6;0;1.0;0.14285714285714285;0.25;0.12808966636657715;1503577173.2741024;1503577173.402192
trip-yelp;tripadvisor-c;yelp-e;5000;0.5;1;6;0;1.0;0.14285714285714285;0.25;0.13809776306152344;1503577173.402192;1503577173.5402899
trip-yelp;tripadvisor-c;yelp-e;5000;0.6;1;6;0;1.0;0.14285714285714285;0.25;0.1295936107635498;1503577173.5402899;1503577173.6698835
trip-yelp;tripadvisor-c;yelp-e;5000;0.7;1;6;0;1.0;0.14285714285714285;0.25;0.12210440635681152;1503577173.6698835;1503577173.791988
trip-yelp;tripadvisor-c;yelp-e;5000;0.8;1;6;0;1.0;0.14285714285714285;0.25;0.13609623908996582;1503577173.791988;1503577173.9280841
trip-yelp;tripadvisor-c;yelp-e;5000;0.9;1;6;0;1.0;0.14285714285714285;0.25;0.1245884895324707;1503577173.9280841;1503577174.0526726
trip-yelp;tripadvisor-d;yelp-a;100;0.4;1;6;0;1.0;0.14285714285714285;0.25;0.1345961093902588;1503577174.074669;1503577174.209265
trip-yelp;tripadvisor-d;yelp-a;100;0.5;1;6;0;1.0;0.14285714285714285;0.25;0.13259458541870117;1503577174.209265;1503577174.3418596
trip-yelp;tripadvisor-d;yelp-a;100;0.6;1;6;0;1.0;0.14285714285714285;0.25;0.12558865547180176;1503577174.3418596;1503577174.4674482
trip-yelp;tripadvisor-d;yelp-a;100;0.7;1;6;0;1.0;0.14285714285714285;0.25;0.13009381294250488;1503577174.4674482;1503577174.597542
trip-yelp;tripadvisor-d;yelp-a;100;0.8;1;6;0;1.0;0.14285714285714285;0.25;0.12810873985290527;1503577174.597542;1503577174.7256508
trip-yelp;tripadvisor-d;yelp-a;100;0.9;1;6;0;1.0;0.14285714285714285;0.25;0.12306857109069824;1503577174.7261515;1503577174.84922
trip-yelp;tripadvisor-d;yelp-b;100;0.4;1;6;0;1.0;0.14285714285714285;0.25;0.12556910514831543;1503577174.8717556;1503577174.9973247
trip-yelp;tripadvisor-d;yelp-b;100;0.5;1;6;0;1.0;0.14285714285714285;0.25;0.14011597633361816;1503577174.9973247;1503577175.1374407
trip-yelp;tripadvisor-d;yelp-b;100;0.6;1;6;0;1.0;0.14285714285714285;0.25;0.1306014060974121;1503577175.1379395;1503577175.2685409
trip-yelp;tripadvisor-d;yelp-b;100;0.7;1;6;0;1.0;0.14285714285714285;0.25;0.13210034370422363;1503577175.269041;1503577175.4011414
trip-yelp;tripadvisor-d;yelp-b;100;0.8;1;6;0;1.0;0.14285714285714285;0.25;0.12908101081848145;1503577175.4011414;1503577175.5302224
trip-yelp;tripadvisor-d;yelp-b;100;0.9;1;6;0;1.0;0.14285714285714285;0.25;0.13007473945617676;1503577175.5302224;1503577175.6602972
trip-yelp;tripadvisor-d;yelp-c;100;0.4;1;6;0;1.0;0.14285714285714285;0.25;0.12711095809936523;1503577175.6833134;1503577175.8104243
trip-yelp;tripadvisor-d;yelp-c;100;0.5;1;6;0;1.0;0.14285714285714285;0.25;0.14157843589782715;1503577175.8104243;1503577175.9520028
trip-yelp;tripadvisor-d;yelp-c;100;0.6;1;6;0;1.0;0.14285714285714285;0.25;0.11908507347106934;1503577175.9520028;1503577176.0710878
trip-yelp;tripadvisor-d;yelp-c;100;0.7;1;6;0;1.0;0.14285714285714285;0.25;0.14310312271118164;1503577176.0710878;1503577176.214191
trip-yelp;tripadvisor-d;yelp-c;100;0.8;1;6;0;1.0;0.14285714285714285;0.25;0.12209057807922363;1503577176.2146895;1503577176.33678
trip-yelp;tripadvisor-d;yelp-c;100;0.9;1;6;0;1.0;0.14285714285714285;0.25;0.12508749961853027;1503577176.33678;1503577176.4618676
trip-yelp;tripadvisor-d;yelp-d;100;0.4;1;6;0;1.0;0.14285714285714285;0.25;0.13509559631347656;1503577176.4858842;1503577176.6209798
trip-yelp;tripadvisor-d;yelp-d;100;0.5;1;6;0;1.0;0.14285714285714285;0.25;0.12160420417785645;1503577176.6209798;1503577176.742584
trip-yelp;tripadvisor-d;yelp-d;100;0.6;1;6;0;1.0;0.14285714285714285;0.25;0.12056589126586914;1503577176.742584;1503577176.86315
trip-yelp;tripadvisor-d;yelp-d;100;0.7;1;6;0;1.0;0.14285714285714285;0.25;0.13509821891784668;1503577176.86315;1503577176.998248
trip-yelp;tripadvisor-d;yelp-d;100;0.8;1;6;0;1.0;0.14285714285714285;0.25;0.16161561012268066;1503577176.998248;1503577177.1598637
trip-yelp;tripadvisor-d;yelp-d;100;0.9;1;6;0;1.0;0.14285714285714285;0.25;0.177626371383667;1503577177.1598637;1503577177.33749
trip-yelp;tripadvisor-d;yelp-e;100;0.4;1;6;0;1.0;0.14285714285714285;0.25;0.15461015701293945;1503577177.3710108;1503577177.525621
trip-yelp;tripadvisor-d;yelp-e;100;0.5;1;6;0;1.0;0.14285714285714285;0.25;0.13709759712219238;1503577177.525621;1503577177.6627185
trip-yelp;tripadvisor-d;yelp-e;100;0.6;1;6;0;1.0;0.14285714285714285;0.25;0.12358760833740234;1503577177.6627185;1503577177.7863061
trip-yelp;tripadvisor-d;yelp-e;100;0.7;1;6;0;1.0;0.14285714285714285;0.25;0.1275935173034668;1503577177.7863061;1503577177.9138997
trip-yelp;tripadvisor-d;yelp-e;100;0.8;1;6;0;1.0;0.14285714285714285;0.25;0.1321108341217041;1503577177.9143991;1503577178.04651
trip-yelp;tripadvisor-d;yelp-e;100;0.9;0;7;0;1.0;0.14285714285714285;0;0.14008283615112305;1503577178.04651;1503577178.1865928
trip-yelp;tripadvisor-d;yelp-a;1000;0.4;1;6;0;1.0;0.14285714285714285;0.25;0.13257503509521484;1503577178.212628;1503577178.345203
trip-yelp;tripadvisor-d;yelp-a;1000;0.5;1;6;0;1.0;0.14285714285714285;0.25;0.17912745475769043;1503577178.345203;1503577178.5243304
trip-yelp;tripadvisor-d;yelp-a;1000;0.6;1;6;0;1.0;0.14285714285714285;0.25;0.12360739707946777;1503577178.5243304;1503577178.6479378
trip-yelp;tripadvisor-d;yelp-a;1000;0.7;1;6;0;1.0;0.14285714285714285;0.25;0.13007307052612305;1503577178.648438;1503577178.778511
trip-yelp;tripadvisor-d;yelp-a;1000;0.8;1;6;0;1.0;0.14285714285714285;0.25;0.13359856605529785;1503577178.778511;1503577178.9121096
trip-yelp;tripadvisor-d;yelp-a;1000;0.9;1;6;0;1.0;0.14285714285714285;0.25;0.12608742713928223;1503577178.9121096;1503577179.038197
trip-yelp;tripadvisor-d;yelp-b;1000;0.4;1;6;0;1.0;0.14285714285714285;0.25;0.15060758590698242;1503577179.0612118;1503577179.2118194
trip-yelp;tripadvisor-d;yelp-b;1000;0.5;1;6;0;1.0;0.14285714285714285;0.25;0.12558913230895996;1503577179.2118194;1503577179.3374085
trip-yelp;tripadvisor-d;yelp-b;1000;0.6;1;6;0;1.0;0.14285714285714285;0.25;0.1315934658050537;1503577179.3379085;1503577179.469502
trip-yelp;tripadvisor-d;yelp-b;1000;0.7;1;6;0;1.0;0.14285714285714285;0.25;0.14009928703308105;1503577179.469502;1503577179.6096013
trip-yelp;tripadvisor-d;yelp-b;1000;0.8;1;6;0;1.0;0.14285714285714285;0.25;0.1251087188720703;1503577179.6096013;1503577179.73471
trip-yelp;tripadvisor-d;yelp-b;1000;0.9;1;6;0;1.0;0.14285714285714285;0.25;0.12607216835021973;1503577179.73471;1503577179.8607821
trip-yelp;tripadvisor-d;yelp-c;1000;0.4;1;6;0;1.0;0.14285714285714285;0.25;0.13959932327270508;1503577179.895825;1503577180.0354242
trip-yelp;tripadvisor-d;yelp-c;1000;0.5;1;6;0;1.0;0.14285714285714285;0.25;0.13109302520751953;1503577180.0359063;1503577180.1669993
trip-yelp;tripadvisor-d;yelp-c;1000;0.6;1;6;0;1.0;0.14285714285714285;0.25;0.13359332084655762;1503577180.1669993;1503577180.3005927
trip-yelp;tripadvisor-d;yelp-c;1000;0.7;1;6;0;1.0;0.14285714285714285;0.25;0.14110159873962402;1503577180.3005927;1503577180.4416943
trip-yelp;tripadvisor-d;yelp-c;1000;0.8;1;6;0;1.0;0.14285714285714285;0.25;0.13661646842956543;1503577180.4416943;1503577180.5783107
trip-yelp;tripadvisor-d;yelp-c;1000;0.9;1;6;0;1.0;0.14285714285714285;0.25;0.13157272338867188;1503577180.5783107;1503577180.7098835
trip-yelp;tripadvisor-d;yelp-d;1000;0.4;1;6;0;1.0;0.14285714285714285;0.25;0.13259530067443848;1503577180.7328994;1503577180.8654947
trip-yelp;tripadvisor-d;yelp-d;1000;0.5;1;6;0;1.0;0.14285714285714285;0.25;0.13209295272827148;1503577180.8654947;1503577180.9975877
trip-yelp;tripadvisor-d;yelp-d;1000;0.6;1;6;0;1.0;0.14285714285714285;0.25;0.1365973949432373;1503577180.9975877;1503577181.134185
trip-yelp;tripadvisor-d;yelp-d;1000;0.7;1;6;0;1.0;0.14285714285714285;0.25;0.1486060619354248;1503577181.134185;1503577181.2827911
trip-yelp;tripadvisor-d;yelp-d;1000;0.8;1;6;0;1.0;0.14285714285714285;0.25;0.1365962028503418;1503577181.2827911;1503577181.4193873
trip-yelp;tripadvisor-d;yelp-d;1000;0.9;1;6;0;1.0;0.14285714285714285;0.25;0.14460539817810059;1503577181.4193873;1503577181.5639927
trip-yelp;tripadvisor-d;yelp-e;1000;0.4;1;6;0;1.0;0.14285714285714285;0.25;0.1290912628173828;1503577181.6030183;1503577181.7321095
trip-yelp;tripadvisor-d;yelp-e;1000;0.5;1;6;0;1.0;0.14285714285714285;0.25;0.1295924186706543;1503577181.7321095;1503577181.861702
trip-yelp;tripadvisor-d;yelp-e;1000;0.6;1;6;0;1.0;0.14285714285714285;0.25;0.12810993194580078;1503577181.861702;1503577181.989812
trip-yelp;tripadvisor-d;yelp-e;1000;0.7;1;6;0;1.0;0.14285714285714285;0.25;0.1295924186706543;1503577181.989812;1503577182.1194043
trip-yelp;tripadvisor-d;yelp-e;1000;0.8;1;6;0;1.0;0.14285714285714285;0.25;0.1455836296081543;1503577182.1194043;1503577182.264988
trip-yelp;tripadvisor-d;yelp-e;1000;0.9;1;6;0;1.0;0.14285714285714285;0.25;0.1270906925201416;1503577182.264988;1503577182.3920786
trip-yelp;tripadvisor-d;yelp-a;10000;0.4;1;6;0;1.0;0.14285714285714285;0.25;0.1461038589477539;1503577182.4175997;1503577182.5637035
trip-yelp;tripadvisor-d;yelp-a;10000;0.5;1;6;0;1.0;0.14285714285714285;0.25;0.1271071434020996;1503577182.5637035;1503577182.6908107
trip-yelp;tripadvisor-d;yelp-a;10000;0.6;1;6;0;1.0;0.14285714285714285;0.25;0.12008500099182129;1503577182.6908107;1503577182.8108957
trip-yelp;tripadvisor-d;yelp-a;10000;0.7;1;6;0;1.0;0.14285714285714285;0.25;0.13659143447875977;1503577182.8113825;1503577182.947974
trip-yelp;tripadvisor-d;yelp-a;10000;0.8;1;6;0;1.0;0.14285714285714285;0.25;0.12558889389038086;1503577182.947974;1503577183.0735629
trip-yelp;tripadvisor-d;yelp-a;10000;0.9;1;6;0;1.0;0.14285714285714285;0.25;0.14460229873657227;1503577183.0735629;1503577183.2181652
trip-yelp;tripadvisor-d;yelp-b;10000;0.4;1;6;0;1.0;0.14285714285714285;0.25;0.13059306144714355;1503577183.2411816;1503577183.3717747
trip-yelp;tripadvisor-d;yelp-b;10000;0.5;1;6;0;1.0;0.14285714285714285;0.25;0.13009428977966309;1503577183.3717747;1503577183.501869
trip-yelp;tripadvisor-d;yelp-b;10000;0.6;1;6;0;1.0;0.14285714285714285;0.25;0.1295909881591797;1503577183.501869;1503577183.63146
trip-yelp;tripadvisor-d;yelp-b;10000;0.7;1;6;0;1.0;0.14285714285714285;0.25;0.12658905982971191;1503577183.63146;1503577183.758049
trip-yelp;tripadvisor-d;yelp-b;10000;0.8;1;6;0;1.0;0.14285714285714285;0.25;0.12659120559692383;1503577183.758049;1503577183.8846402
trip-yelp;tripadvisor-d;yelp-b;10000;0.9;1;6;0;1.0;0.14285714285714285;0.25;0.1401195526123047;1503577183.8851402;1503577184.0252597
trip-yelp;tripadvisor-d;yelp-c;10000;0.4;1;6;0;1.0;0.14285714285714285;0.25;0.1371147632598877;1503577184.0512593;1503577184.188374
trip-yelp;tripadvisor-d;yelp-c;10000;0.5;1;6;0;1.0;0.14285714285714285;0.25;0.12556982040405273;1503577184.1888745;1503577184.3144443
trip-yelp;tripadvisor-d;yelp-c;10000;0.6;1;6;0;1.0;0.14285714285714285;0.25;0.1351163387298584;1503577184.3144443;1503577184.4495606
trip-yelp;tripadvisor-d;yelp-c;10000;0.7;1;6;0;1.0;0.14285714285714285;0.25;0.13960003852844238;1503577184.4495606;1503577184.5891607
trip-yelp;tripadvisor-d;yelp-c;10000;0.8;1;6;0;1.0;0.14285714285714285;0.25;0.1245882511138916;1503577184.5896592;1503577184.7142475
trip-yelp;tripadvisor-d;yelp-c;10000;0.9;1;6;0;1.0;0.14285714285714285;0.25;0.13009285926818848;1503577184.7142475;1503577184.8443403
trip-yelp;tripadvisor-d;yelp-d;10000;0.4;1;6;0;1.0;0.14285714285714285;0.25;0.12710952758789062;1503577184.8688383;1503577184.9959478
trip-yelp;tripadvisor-d;yelp-d;10000;0.5;1;6;0;1.0;0.14285714285714285;0.25;0.1330878734588623;1503577184.9959478;1503577185.1290357
trip-yelp;tripadvisor-d;yelp-d;10000;0.6;1;6;0;1.0;0.14285714285714285;0.25;0.13509511947631836;1503577185.1290357;1503577185.2641308
trip-yelp;tripadvisor-d;yelp-d;10000;0.7;1;6;0;1.0;0.14285714285714285;0.25;0.1250898838043213;1503577185.2641308;1503577185.3892207
trip-yelp;tripadvisor-d;yelp-d;10000;0.8;1;6;0;1.0;0.14285714285714285;0.25;0.14062142372131348;1503577185.3892207;1503577185.5298421
trip-yelp;tripadvisor-d;yelp-d;10000;0.9;1;6;0;1.0;0.14285714285714285;0.25;0.15858983993530273;1503577185.5298421;1503577185.688432
trip-yelp;tripadvisor-d;yelp-e;10000;0.4;1;6;0;1.0;0.14285714285714285;0.25;0.14760756492614746;1503577185.723956;1503577185.8715637
trip-yelp;tripadvisor-d;yelp-e;10000;0.5;1;6;0;1.0;0.14285714285714285;0.25;0.1270899772644043;1503577185.8715637;1503577185.9986537
trip-yelp;tripadvisor-d;yelp-e;10000;0.6;1;6;0;1.0;0.14285714285714285;0.25;0.12908935546875;1503577185.9986537;1503577186.127743
trip-yelp;tripadvisor-d;yelp-e;10000;0.7;1;6;0;1.0;0.14285714285714285;0.25;0.15111064910888672;1503577186.127743;1503577186.2788537
trip-yelp;tripadvisor-d;yelp-e;10000;0.8;1;6;0;1.0;0.14285714285714285;0.25;0.16111159324645996;1503577186.2788537;1503577186.4399652
trip-yelp;tripadvisor-d;yelp-e;10000;0.9;1;6;0;1.0;0.14285714285714285;0.25;0.20914983749389648;1503577186.4404655;1503577186.6496153
trip-yelp;tripadvisor-d;yelp-a;5000;0.4;2;5;0;1.0;0.2857142857142857;0.4444444444444445;0.1200857162475586;1503577186.6741312;1503577186.7942169
trip-yelp;tripadvisor-d;yelp-a;5000;0.5;2;5;0;1.0;0.2857142857142857;0.4444444444444445;0.13309502601623535;1503577186.7942169;1503577186.927312
trip-yelp;tripadvisor-d;yelp-a;5000;0.6;2;5;0;1.0;0.2857142857142857;0.4444444444444445;0.12961101531982422;1503577186.927312;1503577187.056923
trip-yelp;tripadvisor-d;yelp-a;5000;0.7;1;6;0;1.0;0.14285714285714285;0.25;0.13557815551757812;1503577187.056923;1503577187.192501
trip-yelp;tripadvisor-d;yelp-a;5000;0.8;1;6;0;1.0;0.14285714285714285;0.25;0.1251068115234375;1503577187.192501;1503577187.3176079
trip-yelp;tripadvisor-d;yelp-a;5000;0.9;1;6;0;1.0;0.14285714285714285;0.25;0.1550915241241455;1503577187.3176079;1503577187.4726994
trip-yelp;tripadvisor-d;yelp-b;5000;0.4;1;6;0;1.0;0.14285714285714285;0.25;0.14008092880249023;1503577187.5142484;1503577187.6543293
trip-yelp;tripadvisor-d;yelp-b;5000;0.5;1;6;0;1.0;0.14285714285714285;0.25;0.12861108779907227;1503577187.6543293;1503577187.7829404
trip-yelp;tripadvisor-d;yelp-b;5000;0.6;1;6;0;1.0;0.14285714285714285;0.25;0.13007235527038574;1503577187.7829404;1503577187.9130127
trip-yelp;tripadvisor-d;yelp-b;5000;0.7;1;6;0;1.0;0.14285714285714285;0.25;0.1265888214111328;1503577187.9130127;1503577188.0396016
trip-yelp;tripadvisor-d;yelp-b;5000;0.8;1;6;0;1.0;0.14285714285714285;0.25;0.14009952545166016;1503577188.0396016;1503577188.179701
trip-yelp;tripadvisor-d;yelp-b;5000;0.9;1;6;0;1.0;0.14285714285714285;0.25;0.14010000228881836;1503577188.179701;1503577188.319801
trip-yelp;tripadvisor-d;yelp-c;5000;0.4;1;6;0;1.0;0.14285714285714285;0.25;0.13161349296569824;1503577188.3448184;1503577188.4764318
trip-yelp;tripadvisor-d;yelp-c;5000;0.5;1;6;0;1.0;0.14285714285714285;0.25;0.14158105850219727;1503577188.4764318;1503577188.618013
trip-yelp;tripadvisor-d;yelp-c;5000;0.6;1;6;0;1.0;0.14285714285714285;0.25;0.12260603904724121;1503577188.618013;1503577188.740619
trip-yelp;tripadvisor-d;yelp-c;5000;0.7;1;6;0;1.0;0.14285714285714285;0.25;0.14758610725402832;1503577188.740619;1503577188.888205
trip-yelp;tripadvisor-d;yelp-c;5000;0.8;1;6;0;1.0;0.14285714285714285;0.25;0.17712664604187012;1503577188.888205;1503577189.0653317
trip-yelp;tripadvisor-d;yelp-c;5000;0.9;1;6;0;1.0;0.14285714285714285;0.25;0.14060521125793457;1503577189.0653317;1503577189.205937
trip-yelp;tripadvisor-d;yelp-d;5000;0.4;1;6;0;1.0;0.14285714285714285;0.25;0.19313740730285645;1503577189.2319493;1503577189.4250867
trip-yelp;tripadvisor-d;yelp-d;5000;0.5;1;6;0;1.0;0.14285714285714285;0.25;0.13860011100769043;1503577189.4250867;1503577189.5636868
trip-yelp;tripadvisor-d;yelp-d;5000;0.6;1;6;0;1.0;0.14285714285714285;0.25;0.13311147689819336;1503577189.5636868;1503577189.6967983
trip-yelp;tripadvisor-d;yelp-d;5000;0.7;1;6;0;1.0;0.14285714285714285;0.25;0.11906719207763672;1503577189.6967983;1503577189.8158655
trip-yelp;tripadvisor-d;yelp-d;5000;0.8;1;6;0;1.0;0.14285714285714285;0.25;0.1365962028503418;1503577189.8158655;1503577189.9524617
trip-yelp;tripadvisor-d;yelp-d;5000;0.9;1;6;0;1.0;0.14285714285714285;0.25;0.1276390552520752;1503577189.9529834;1503577190.0806224
trip-yelp;tripadvisor-d;yelp-e;5000;0.4;1;6;0;1.0;0.14285714285714285;0.25;0.13407659530639648;1503577190.10716;1503577190.2412367
trip-yelp;tripadvisor-d;yelp-e;5000;0.5;1;6;0;1.0;0.14285714285714285;0.25;0.1466071605682373;1503577190.2412367;1503577190.3878438
trip-yelp;tripadvisor-d;yelp-e;5000;0.6;1;6;0;1.0;0.14285714285714285;0.25;0.13059067726135254;1503577190.3878438;1503577190.5184345
trip-yelp;tripadvisor-d;yelp-e;5000;0.7;1;6;0;1.0;0.14285714285714285;0.25;0.14110040664672852;1503577190.5184345;1503577190.659535
trip-yelp;tripadvisor-d;yelp-e;5000;0.8;1;6;0;1.0;0.14285714285714285;0.25;0.12961173057556152;1503577190.659535;1503577190.7891467
trip-yelp;tripadvisor-d;yelp-e;5000;0.9;1;6;0;1.0;0.14285714285714285;0.25;0.12607145309448242;1503577190.7891467;1503577190.915218
trip-yelp;tripadvisor-e;yelp-a;100;0.4;1;6;0;1.0;0.14285714285714285;0.25;0.11908674240112305;1503577190.94025;1503577191.0593367
trip-yelp;tripadvisor-e;yelp-a;100;0.5;1;6;0;1.0;0.14285714285714285;0.25;0.15209150314331055;1503577191.0593367;1503577191.2114282
trip-yelp;tripadvisor-e;yelp-a;100;0.6;1;6;0;1.0;0.14285714285714285;0.25;0.1270911693572998;1503577191.2114282;1503577191.3385193
trip-yelp;tripadvisor-e;yelp-a;100;0.7;1;6;0;1.0;0.14285714285714285;0.25;0.12810707092285156;1503577191.3385193;1503577191.4666264
trip-yelp;tripadvisor-e;yelp-a;100;0.8;1;6;0;1.0;0.14285714285714285;0.25;0.14208173751831055;1503577191.4666264;1503577191.6087081
trip-yelp;tripadvisor-e;yelp-a;100;0.9;1;6;0;1.0;0.14285714285714285;0.25;0.12609004974365234;1503577191.6087081;1503577191.7347982
trip-yelp;tripadvisor-e;yelp-b;100;0.4;1;6;0;1.0;0.14285714285714285;0.25;0.20064282417297363;1503577191.7573137;1503577191.9579566
trip-yelp;tripadvisor-e;yelp-b;100;0.5;1;6;0;1.0;0.14285714285714285;0.25;0.16961979866027832;1503577191.9579566;1503577192.1275764
trip-yelp;tripadvisor-e;yelp-b;100;0.6;1;6;0;1.0;0.14285714285714285;0.25;0.14011883735656738;1503577192.1275764;1503577192.2676952
trip-yelp;tripadvisor-e;yelp-b;100;0.7;1;6;0;1.0;0.14285714285714285;0.25;0.18161606788635254;1503577192.2676952;1503577192.4493113
trip-yelp;tripadvisor-e;yelp-b;100;0.8;1;6;0;1.0;0.14285714285714285;0.25;0.16261005401611328;1503577192.4493113;1503577192.6119213
trip-yelp;tripadvisor-e;yelp-b;100;0.9;1;6;0;1.0;0.14285714285714285;0.25;0.14310073852539062;1503577192.6119213;1503577192.755022
trip-yelp;tripadvisor-e;yelp-c;100;0.4;1;6;0;1.0;0.14285714285714285;0.25;0.12459301948547363;1503577192.778039;1503577192.902632
trip-yelp;tripadvisor-e;yelp-c;100;0.5;1;6;0;1.0;0.14285714285714285;0.25;0.13208866119384766;1503577192.902632;1503577193.0347207
trip-yelp;tripadvisor-e;yelp-c;100;0.6;1;6;0;1.0;0.14285714285714285;0.25;0.1275928020477295;1503577193.0347207;1503577193.1623135
trip-yelp;tripadvisor-e;yelp-c;100;0.7;1;6;0;1.0;0.14285714285714285;0.25;0.1296100616455078;1503577193.1623135;1503577193.2919235
trip-yelp;tripadvisor-e;yelp-c;100;0.8;1;6;0;1.0;0.14285714285714285;0.25;0.15108871459960938;1503577193.2924242;1503577193.443513
trip-yelp;tripadvisor-e;yelp-c;100;0.9;1;6;0;1.0;0.14285714285714285;0.25;0.13359665870666504;1503577193.443513;1503577193.5771096
trip-yelp;tripadvisor-e;yelp-d;100;0.4;1;6;0;1.0;0.14285714285714285;0.25;0.12406730651855469;1503577193.6016462;1503577193.7257135
trip-yelp;tripadvisor-e;yelp-d;100;0.5;1;6;0;1.0;0.14285714285714285;0.25;0.12508916854858398;1503577193.7257135;1503577193.8508027
trip-yelp;tripadvisor-e;yelp-d;100;0.6;1;6;0;1.0;0.14285714285714285;0.25;0.12909317016601562;1503577193.8508027;1503577193.9798958
trip-yelp;tripadvisor-e;yelp-d;100;0.7;1;6;0;1.0;0.14285714285714285;0.25;0.12858819961547852;1503577193.9798958;1503577194.108484
trip-yelp;tripadvisor-e;yelp-d;100;0.8;1;6;0;1.0;0.14285714285714285;0.25;0.14210104942321777;1503577194.108484;1503577194.250585
trip-yelp;tripadvisor-e;yelp-d;100;0.9;1;6;0;1.0;0.14285714285714285;0.25;0.12658977508544922;1503577194.250585;1503577194.3771749
trip-yelp;tripadvisor-e;yelp-e;100;0.4;1;6;0;1.0;0.14285714285714285;0.25;0.13810014724731445;1503577194.3991904;1503577194.5372906
trip-yelp;tripadvisor-e;yelp-e;100;0.5;1;6;0;1.0;0.14285714285714285;0.25;0.12508916854858398;1503577194.5372906;1503577194.6623797
trip-yelp;tripadvisor-e;yelp-e;100;0.6;1;6;0;1.0;0.14285714285714285;0.25;0.12558722496032715;1503577194.6623797;1503577194.787967
trip-yelp;tripadvisor-e;yelp-e;100;0.7;1;6;0;1.0;0.14285714285714285;0.25;0.1351006031036377;1503577194.7884674;1503577194.923568
trip-yelp;tripadvisor-e;yelp-e;100;0.8;1;6;0;1.0;0.14285714285714285;0.25;0.12360215187072754;1503577194.923568;1503577195.0471702
trip-yelp;tripadvisor-e;yelp-e;100;0.9;1;6;0;1.0;0.14285714285714285;0.25;0.13809847831726074;1503577195.0471702;1503577195.1852686
trip-yelp;tripadvisor-e;yelp-a;1000;0.4;1;6;0;1.0;0.14285714285714285;0.25;0.13157439231872559;1503577195.2087846;1503577195.340359
trip-yelp;tripadvisor-e;yelp-a;1000;0.5;1;6;0;1.0;0.14285714285714285;0.25;0.16912436485290527;1503577195.340359;1503577195.5094833
trip-yelp;tripadvisor-e;yelp-a;1000;0.6;1;6;0;1.0;0.14285714285714285;0.25;0.18312835693359375;1503577195.5094833;1503577195.6926117
trip-yelp;tripadvisor-e;yelp-a;1000;0.7;1;6;0;1.0;0.14285714285714285;0.25;0.1556081771850586;1503577195.6926117;1503577195.8482199
trip-yelp;tripadvisor-e;yelp-a;1000;0.8;1;6;0;1.0;0.14285714285714285;0.25;0.14060068130493164;1503577195.8482199;1503577195.9888206
trip-yelp;tripadvisor-e;yelp-a;1000;0.9;1;6;0;1.0;0.14285714285714285;0.25;0.12759041786193848;1503577195.9888206;1503577196.116411
trip-yelp;tripadvisor-e;yelp-b;1000;0.4;1;6;0;1.0;0.14285714285714285;0.25;0.1351156234741211;1503577196.1414278;1503577196.2765434
trip-yelp;tripadvisor-e;yelp-b;1000;0.5;1;6;0;1.0;0.14285714285714285;0.25;0.1360783576965332;1503577196.2765434;1503577196.4126217
trip-yelp;tripadvisor-e;yelp-b;1000;0.6;1;6;0;1.0;0.14285714285714285;0.25;0.15061569213867188;1503577196.4126217;1503577196.5632374
trip-yelp;tripadvisor-e;yelp-b;1000;0.7;1;6;0;1.0;0.14285714285714285;0.25;0.1506059169769287;1503577196.564238;1503577196.714844
trip-yelp;tripadvisor-e;yelp-b;1000;0.8;1;6;0;1.0;0.14285714285714285;0.25;0.12710905075073242;1503577196.714844;1503577196.841953
trip-yelp;tripadvisor-e;yelp-b;1000;0.9;1;6;0;1.0;0.14285714285714285;0.25;0.1405808925628662;1503577196.841953;1503577196.982534
trip-yelp;tripadvisor-e;yelp-c;1000;0.4;1;6;0;1.0;0.14285714285714285;0.25;0.15859389305114746;1503577197.0150738;1503577197.1736677
trip-yelp;tripadvisor-e;yelp-c;1000;0.5;1;6;0;1.0;0.14285714285714285;0.25;0.1270899772644043;1503577197.1736677;1503577197.3007576
trip-yelp;tripadvisor-e;yelp-c;1000;0.6;1;6;0;1.0;0.14285714285714285;0.25;0.12458992004394531;1503577197.3007576;1503577197.4253476
trip-yelp;tripadvisor-e;yelp-c;1000;0.7;1;6;0;1.0;0.14285714285714285;0.25;0.14310193061828613;1503577197.4253476;1503577197.5684495
trip-yelp;tripadvisor-e;yelp-c;1000;0.8;1;6;0;1.0;0.14285714285714285;0.25;0.12808966636657715;1503577197.5684495;1503577197.6965392
trip-yelp;tripadvisor-e;yelp-c;1000;0.9;1;6;0;1.0;0.14285714285714285;0.25;0.11960411071777344;1503577197.6970394;1503577197.8166435
trip-yelp;tripadvisor-e;yelp-d;1000;0.4;1;6;0;1.0;0.14285714285714285;0.25;0.13157129287719727;1503577197.8446665;1503577197.9762378
trip-yelp;tripadvisor-e;yelp-d;1000;0.5;1;6;0;1.0;0.14285714285714285;0.25;0.11910390853881836;1503577197.9767382;1503577198.0958421
trip-yelp;tripadvisor-e;yelp-d;1000;0.6;1;6;0;1.0;0.14285714285714285;0.25;0.14760518074035645;1503577198.096342;1503577198.2439473
trip-yelp;tripadvisor-e;yelp-d;1000;0.7;1;6;0;1.0;0.14285714285714285;0.25;0.12306833267211914;1503577198.2439473;1503577198.3670156
trip-yelp;tripadvisor-e;yelp-d;1000;0.8;1;6;0;1.0;0.14285714285714285;0.25;0.13009238243103027;1503577198.3670156;1503577198.497108
trip-yelp;tripadvisor-e;yelp-d;1000;0.9;1;6;0;1.0;0.14285714285714285;0.25;0.1390988826751709;1503577198.497108;1503577198.6362069
trip-yelp;tripadvisor-e;yelp-e;1000;0.4;1;6;0;1.0;0.14285714285714285;0.25;0.12210392951965332;1503577198.6597261;1503577198.78183
trip-yelp;tripadvisor-e;yelp-e;1000;0.5;1;6;0;1.0;0.14285714285714285;0.25;0.1270911693572998;1503577198.78183;1503577198.9089212
trip-yelp;tripadvisor-e;yelp-e;1000;0.6;1;6;0;1.0;0.14285714285714285;0.25;0.13358855247497559;1503577198.9089212;1503577199.0425098
trip-yelp;tripadvisor-e;yelp-e;1000;0.7;1;6;0;1.0;0.14285714285714285;0.25;0.14208674430847168;1503577199.0425098;1503577199.1845965
trip-yelp;tripadvisor-e;yelp-e;1000;0.8;1;6;0;1.0;0.14285714285714285;0.25;0.12360692024230957;1503577199.1845965;1503577199.3082035
trip-yelp;tripadvisor-e;yelp-e;1000;0.9;1;6;0;1.0;0.14285714285714285;0.25;0.1435832977294922;1503577199.3082035;1503577199.4517868
trip-yelp;tripadvisor-e;yelp-a;10000;0.4;1;6;0;1.0;0.14285714285714285;0.25;0.15961384773254395;1503577199.4763043;1503577199.6359181
trip-yelp;tripadvisor-e;yelp-a;10000;0.5;1;6;0;1.0;0.14285714285714285;0.25;0.1586141586303711;1503577199.6359181;1503577199.7945323
trip-yelp;tripadvisor-e;yelp-a;10000;0.6;1;6;0;1.0;0.14285714285714285;0.25;0.12661075592041016;1503577199.7945323;1503577199.921143
trip-yelp;tripadvisor-e;yelp-a;10000;0.7;1;6;0;1.0;0.14285714285714285;0.25;0.1545877456665039;1503577199.921143;1503577200.0757308
trip-yelp;tripadvisor-e;yelp-a;10000;0.8;1;6;0;1.0;0.14285714285714285;0.25;0.18362879753112793;1503577200.0762315;1503577200.2598603
trip-yelp;tripadvisor-e;yelp-a;10000;0.9;1;6;0;1.0;0.14285714285714285;0.25;0.12408852577209473;1503577200.2598603;1503577200.3839488
trip-yelp;tripadvisor-e;yelp-b;10000;0.4;1;6;0;1.0;0.14285714285714285;0.25;0.15611004829406738;1503577200.4094677;1503577200.5655777
trip-yelp;tripadvisor-e;yelp-b;10000;0.5;1;6;0;1.0;0.14285714285714285;0.25;0.12759113311767578;1503577200.5655777;1503577200.6931689
trip-yelp;tripadvisor-e;yelp-b;10000;0.6;1;6;0;1.0;0.14285714285714285;0.25;0.1206052303314209;1503577200.6931689;1503577200.813774
trip-yelp;tripadvisor-e;yelp-b;10000;0.7;1;6;0;1.0;0.14285714285714285;0.25;0.1430823802947998;1503577200.813774;1503577200.9568565
trip-yelp;tripadvisor-e;yelp-b;10000;0.8;1;6;0;1.0;0.14285714285714285;0.25;0.13609862327575684;1503577200.9568565;1503577201.092955
trip-yelp;tripadvisor-e;yelp-b;10000;0.9;1;6;0;1.0;0.14285714285714285;0.25;0.15412640571594238;1503577201.092955;1503577201.2470815
trip-yelp;tripadvisor-e;yelp-c;10000;0.4;1;6;0;1.0;0.14285714285714285;0.25;0.12610554695129395;1503577201.2710783;1503577201.397184
trip-yelp;tripadvisor-e;yelp-c;10000;0.5;1;6;0;1.0;0.14285714285714285;0.25;0.13858342170715332;1503577201.397184;1503577201.5357673
trip-yelp;tripadvisor-e;yelp-c;10000;0.6;1;6;0;1.0;0.14285714285714285;0.25;0.14260220527648926;1503577201.5357673;1503577201.6783695
trip-yelp;tripadvisor-e;yelp-c;10000;0.7;1;6;0;1.0;0.14285714285714285;0.25;0.12609195709228516;1503577201.6783695;1503577201.8044615
trip-yelp;tripadvisor-e;yelp-c;10000;0.8;1;6;0;1.0;0.14285714285714285;0.25;0.18613004684448242;1503577201.8044615;1503577201.9905915
trip-yelp;tripadvisor-e;yelp-c;10000;0.9;1;6;0;1.0;0.14285714285714285;0.25;0.132094144821167;1503577201.9910908;1503577202.123185
trip-yelp;tripadvisor-e;yelp-d;10000;0.4;1;6;0;1.0;0.14285714285714285;0.25;0.13757753372192383;1503577202.149723;1503577202.2873006
trip-yelp;tripadvisor-e;yelp-d;10000;0.5;1;6;0;1.0;0.14285714285714285;0.25;0.13659930229187012;1503577202.2873006;1503577202.4239
trip-yelp;tripadvisor-e;yelp-d;10000;0.6;1;6;0;1.0;0.14285714285714285;0.25;0.14910602569580078;1503577202.4239;1503577202.573006
trip-yelp;tripadvisor-e;yelp-d;10000;0.7;1;6;0;1.0;0.14285714285714285;0.25;0.15510964393615723;1503577202.573006;1503577202.7281156
trip-yelp;tripadvisor-e;yelp-d;10000;0.8;1;6;0;1.0;0.14285714285714285;0.25;0.13209223747253418;1503577202.7281156;1503577202.8602078
trip-yelp;tripadvisor-e;yelp-d;10000;0.9;1;6;0;1.0;0.14285714285714285;0.25;0.13910126686096191;1503577202.8602078;1503577202.999309
trip-yelp;tripadvisor-e;yelp-e;10000;0.4;1;6;0;1.0;0.14285714285714285;0.25;0.14110112190246582;1503577203.0218222;1503577203.1629233
trip-yelp;tripadvisor-e;yelp-e;10000;0.5;1;6;0;1.0;0.14285714285714285;0.25;0.14510250091552734;1503577203.1629233;1503577203.3080258
trip-yelp;tripadvisor-e;yelp-e;10000;0.6;1;6;0;1.0;0.14285714285714285;0.25;0.14812612533569336;1503577203.3080258;1503577203.456152
trip-yelp;tripadvisor-e;yelp-e;10000;0.7;1;6;0;1.0;0.14285714285714285;0.25;0.1620957851409912;1503577203.456152;1503577203.6182477
trip-yelp;tripadvisor-e;yelp-e;10000;0.8;1;6;0;1.0;0.14285714285714285;0.25;0.13709688186645508;1503577203.6187475;1503577203.7558444
trip-yelp;tripadvisor-e;yelp-e;10000;0.9;1;6;0;1.0;0.14285714285714285;0.25;0.15212750434875488;1503577203.7558444;1503577203.9079719
trip-yelp;tripadvisor-e;yelp-a;5000;0.4;1;6;0;1.0;0.14285714285714285;0.25;0.16612005233764648;1503577203.9359717;1503577204.1020918
trip-yelp;tripadvisor-e;yelp-a;5000;0.5;1;6;0;1.0;0.14285714285714285;0.25;0.23416471481323242;1503577204.1020918;1503577204.3362565
trip-yelp;tripadvisor-e;yelp-a;5000;0.6;1;6;0;1.0;0.14285714285714285;0.25;0.13311386108398438;1503577204.3362565;1503577204.4693704
trip-yelp;tripadvisor-e;yelp-a;5000;0.7;1;6;0;1.0;0.14285714285714285;0.25;0.25666308403015137;1503577204.4693704;1503577204.7260334
trip-yelp;tripadvisor-e;yelp-a;5000;0.8;1;6;0;1.0;0.14285714285714285;0.25;0.3437485694885254;1503577204.7260334;1503577205.069782
trip-yelp;tripadvisor-e;yelp-a;5000;0.9;1;6;0;1.0;0.14285714285714285;0.25;0.3232266902923584;1503577205.0702808;1503577205.3935075
trip-yelp;tripadvisor-e;yelp-b;5000;0.4;1;6;0;1.0;0.14285714285714285;0.25;0.13609671592712402;1503577205.4160252;1503577205.5521219
trip-yelp;tripadvisor-e;yelp-b;5000;0.5;1;6;0;1.0;0.14285714285714285;0.25;0.17412328720092773;1503577205.5521219;1503577205.7262452
trip-yelp;tripadvisor-e;yelp-b;5000;0.6;1;6;0;1.0;0.14285714285714285;0.25;0.1256093978881836;1503577205.7262452;1503577205.8518546
trip-yelp;tripadvisor-e;yelp-b;5000;0.7;1;6;0;1.0;0.14285714285714285;0.25;0.3822510242462158;1503577205.8518546;1503577206.2341056
trip-yelp;tripadvisor-e;yelp-b;5000;0.8;1;6;0;1.0;0.14285714285714285;0.25;0.12410640716552734;1503577206.2341056;1503577206.358212
trip-yelp;tripadvisor-e;yelp-b;5000;0.9;1;6;0;1.0;0.14285714285714285;0.25;0.1580963134765625;1503577206.358212;1503577206.5163083
trip-yelp;tripadvisor-e;yelp-c;5000;0.4;1;6;0;1.0;0.14285714285714285;0.25;0.1340959072113037;1503577206.5423243;1503577206.6764202
trip-yelp;tripadvisor-e;yelp-c;5000;0.5;1;6;0;1.0;0.14285714285714285;0.25;0.12659239768981934;1503577206.6764202;1503577206.8030126
trip-yelp;tripadvisor-e;yelp-c;5000;0.6;1;6;0;1.0;0.14285714285714285;0.25;0.13509345054626465;1503577206.8030126;1503577206.938106
trip-yelp;tripadvisor-e;yelp-c;5000;0.7;1;6;0;1.0;0.14285714285714285;0.25;0.1225893497467041;1503577206.938106;1503577207.0606954
trip-yelp;tripadvisor-e;yelp-c;5000;0.8;1;6;0;1.0;0.14285714285714285;0.25;0.1491239070892334;1503577207.0606954;1503577207.2098193
trip-yelp;tripadvisor-e;yelp-c;5000;0.9;1;6;0;1.0;0.14285714285714285;0.25;0.13507509231567383;1503577207.2098193;1503577207.3448944
trip-yelp;tripadvisor-e;yelp-d;5000;0.4;1;6;0;1.0;0.14285714285714285;0.25;0.12560582160949707;1503577207.3704152;1503577207.496021
trip-yelp;tripadvisor-e;yelp-d;5000;0.5;1;6;0;1.0;0.14285714285714285;0.25;0.14760494232177734;1503577207.496021;1503577207.643626
trip-yelp;tripadvisor-e;yelp-d;5000;0.6;1;6;0;1.0;0.14285714285714285;0.25;0.1245884895324707;1503577207.643626;1503577207.7682145
trip-yelp;tripadvisor-e;yelp-d;5000;0.7;1;6;0;1.0;0.14285714285714285;0.25;0.1240684986114502;1503577207.7682145;1503577207.892283
trip-yelp;tripadvisor-e;yelp-d;5000;0.8;1;6;0;1.0;0.14285714285714285;0.25;0.13859915733337402;1503577207.892283;1503577208.0308821
trip-yelp;tripadvisor-e;yelp-d;5000;0.9;1;6;0;1.0;0.14285714285714285;0.25;0.1320955753326416;1503577208.0308821;1503577208.1629777
trip-yelp;tripadvisor-e;yelp-e;5000;0.4;1;6;0;1.0;0.14285714285714285;0.25;0.13211393356323242;1503577208.1914954;1503577208.3236094
trip-yelp;tripadvisor-e;yelp-e;5000;0.5;1;6;0;1.0;0.14285714285714285;0.25;0.13957881927490234;1503577208.3236094;1503577208.4631882
trip-yelp;tripadvisor-e;yelp-e;5000;0.6;1;6;0;1.0;0.14285714285714285;0.25;0.13661742210388184;1503577208.4631882;1503577208.5998056
trip-yelp;tripadvisor-e;yelp-e;5000;0.7;1;6;0;1.0;0.14285714285714285;0.25;0.18060922622680664;1503577208.5998056;1503577208.7804148
trip-yelp;tripadvisor-e;yelp-e;5000;0.8;1;6;0;1.0;0.14285714285714285;0.25;0.20764946937561035;1503577208.7804148;1503577208.9880643
trip-yelp;tripadvisor-e;yelp-e;5000;0.9;1;6;0;1.0;0.14285714285714285;0.25;0.15961217880249023;1503577208.9885635;1503577209.1481757
